vpn299555612,638221,4,461999316,JP
vpn683559808,602282,7,288483273,JP
vpn522796349,601469,15,54173784,JP
vpn618426726,596988,6,93539345,JP
vpn136393506,592348,9,44419763,JP
vpn412023883,591733,8,312511072,JP
vpn653690645,588207,9,65334256,JP
vpn412933341,586475,6,230236652,JP
vpn706222569,527903,31,92340347,KR
vpn647133614,526316,30,145294685,KR
vpn388824336,525202,30,92207698,KR
vpn347684949,519331,32,175171022,KR
vpn943628174,519067,32,80061718,KR
vpn122323358,518974,32,35664998,TH
vpn401278225,517566,31,53141427,KR
vpn382475452,517111,32,73717912,KR
vpn791974767,513220,33,177575053,KR
vpn582853974,498906,39,41241779,KR
vpn554664784,497509,37,62864697,KR
vpn141190559,496276,37,57671721,KR
vpn807321584,494363,38,67233926,KR
vpn423781038,494154,38,83264768,KR
vpn459470183,486230,43,91171472,KR
vpn246915003,484779,44,76133192,KR
vpn365436659,476746,46,41016611,KR
vpn599368155,476660,48,71751872,KR
vpn453597216,473925,34,27580425,TW
vpn0806449,471745,93,30085022,TW
vpn100798531,464773,54,48027649,KR
vpn280182268,446818,67,55909562,KR
vpn159845501,444728,35,24845803,KR
vpn160042316,430929,64,28156793,KR
vpn968829407,423339,122,52681379,KR
vpn886205330,416193,32,23612378,JP
vpn644384175,348196,36,16998024,CA
2016-2,290627,19,62903908,HK
vpn346826522,282623,54,14225984,VN
vpn545643660,261356,24,7277973,TH
vpn404301657,259433,52,12785969,VN
vpn468816054,225839,36,8658952,TH
hoangtu-vpn,225301,53,9094566,VN
vpn808562669,202466,116,11288631,KR
lolggwp,166546,19,65959853,TW
nanamoe-2nd,166025,3,270568036,JP
vpn575577651,147899,133,6755146,JP
vpn977948297,133485,57,4524036,RU
vpn371770321,130616,31,34072627,KR
vpn177812941,128390,38,39618462,KR
vpn638662855,127474,40,37801204,KR
vpn729126112,127133,34,27583557,KR
vpn934342436,125917,34,92315808,KR
vpn704977087,124824,34,26436284,JP
vpn307030922,123014,34,0,TH
vpn615819216,120294,9,15114227,FR
vpn925755977,118789,35,27808627,KR
vpn942383950,118488,11,17885645,JP
vpn914446405,117989,50,87432378,KR
vpn797066232,116319,73,71473843,KR
vpn715196327,107787,-,560195342,US
vpn903112529,105646,5,15687968,JP
vpn660428710,104285,13,10155982,FR
vpn445806980,101090,315,25268019,JP
vpn505951257,97996,17,11381962,US
vpn756627748,97343,18,10617689,RU
vpn171988887,88520,77,21240708,KR
vpn466753559,85102,33,14919321,KR
vpn191062352,81334,81,19550489,KR
vpn963743060,80191,3,7257557,JP
vpn848318170,68468,28,5891229,CA
889907025n,66104,26,1044972,IN
vpn550768093,57643,40,9412748,MU
vpn644706320,54978,-,13844840,TH
vpn503485485,54633,56,8570586,PR
vpn875456657,53860,64,6901676,TW
vpn192076257,52092,118,10731936,CN
vpn387538782,51001,69,6949905,JP
vpn580576712,49846,105,695582,IQ
vpn313299507,46441,62,8168052,TH
vpn757082780,45815,-,12152072,CA
vpn970209171,45314,24,283532,CA
vpn474569971,44602,52,5785419,KZ
vpn747319579,43540,-,12471874,US
vpn465206972,42037,57,2853293,KR
vpn947089024,38648,379,1470417,JM
vpn885979621,38020,51,118865,VN
vpn949229468,34292,563,3236311,KR
vpn797544459,28042,44,1347376,DZ
vpn125959704,24019,-,1943485,SA
vpn933671520,22125,80,1424381,DZ
vpn354712963,20472,143,829548,DZ
vpn695474055,16644,-,2195212,UA
vpn374313490,14368,-,0,ES
vpn197851603,12774,-,0,SE
vpn955185144,9585,-,1015399,SN
vpn981524225,7306,-,0,MA
#HostName,Score,Ping,Speed,CountryShort
vpn150500318,605660,3,428977027,JP
vpn980748231,595718,2,97890250,JP
vpn208381937,592405,4,59073328,JP
vpn789110912,590086,15,41474666,JP
vpn292982077,589024,5,96178792,JP
vpn385443899,587025,3,238600581,JP
vpn244260261,554162,22,34387883,CA
vpn866818039,527730,26,40962604,TH
vpn533581580,520099,33,67637465,KR
vpn605788058,505626,36,151167401,KR
vpn141190559,501076,37,57671721,KR
vpn532797362,499570,37,54123068,KR
vpn127033276,497426,32,121926824,KR
vpn985981275,496542,38,64753351,KR
vpn410064745,494989,38,46307264,KR
vpn0806449,472518,93,30085022,TW
vpn296047703,466729,55,65669837,KR
vpn453597216,466545,34,27580425,TW
vpn300240608,451343,67,64508459,RU
vpn462586288,447410,70,51919785,KR
vpn430163236,427698,88,36949102,KR
vpn369247449,416297,149,64693563,KR
vpn160341581,392525,23,15839069,VN
vpn424166822,386528,-,53580454,KR
vpn386070738,368415,117,25055980,RU
vpn958884217,351315,61,20984894,VN
vpn109833471,327793,6,9700560,NL
vpn660199659,321091,32,15129145,TH
vpn196295916,320359,56,18511104,KR
2016-2,291627,19,62903908,HK
vpn559546541,289445,3,6150044,JP
vpn593251136,252941,43,12296657,TH
vpn368338293,243280,54,13922982,RO
vpn825650347,231695,24,2991963,FR
vpn112787383,225399,26,3310198,BG
hoangtu-vpn,219987,53,9094566,VN
lolggwp,164574,19,65959853,TW
nanamoe-2nd,162651,3,270568036,JP
vpn313667823,152662,42,4512356,TH
vpn614702717,151243,10,33643369,JP
vpn495464867,147795,8,41255094,JP
vpn368915302,140070,55,4595915,ES
vpn268393260,128818,15,21548579,JP
vpn212207461,127211,40,33605064,KR
vpn816646748,126246,25,24676007,ID
vpn523822624,124961,36,83995107,KR
vpn603514183,124758,16,20160297,JP
vpn853434851,124409,36,37237492,KR
vpn615819216,123291,9,15114227,FR
vpn775969766,122464,15,22379388,TH
vpn802611030,119453,11,17776720,JP
vpn715196327,112777,-,560195342,US
vpn660428710,107337,13,10155982,FR
vpn445806980,104623,315,25268019,JP
vpn964875951,104096,40,21906496,US
vpn664539713,102056,43,0,VN
vpn839004159,101072,12,11833266,RU
vpn452291892,93448,25,13094627,AU
vpn223984112,91718,23,12501494,JP
vpn328582756,89142,68,19430947,KR
vpn699432025,84476,23,11163323,VN
vpn354905138,83706,25,9098345,RU
vpn824493724,82232,54,16497649,KR
vpn819648138,76508,21,7294556,RU
vpn369568498,75230,21,8482897,TH
vpn939232410,73945,76,15843963,VN
vpn894405449,71801,256,2004232,CA
vpn649055978,70375,18,4403737,RU
vpn844012453,68418,22,6112675,JP
889907025n,62550,26,1044972,IN
vpn569819977,59723,16,0,AU
vpn875456657,58433,64,6901676,TW
vpn307889072,56638,19,0,BE
vpn214063176,54432,31,5352964,TH
vpn375512352,49533,40,7155796,TH
vpn433522792,48293,-,1404893,OM
vpn921657238,46263,32,0,KR
vpn263391474,40851,30,0,MY
vpn328087904,39353,-,2217828,KH
vpn949229468,39257,563,3236311,KR
vpn358833204,36322,405,1588829,AZ
vpn885979621,34690,51,118865,VN
vpn860551237,29842,65,3112583,SA
vpn507998753,28087,56,1035113,VE
vpn227427263,27848,70,2088219,JM
vpn134808555,27604,94,4978316,JP
vpn476431007,26148,46,1031161,ID
vpn617509595,25012,84,2250502,VN
vpn158514136,14600,-,0,HU
vpn904709075,14118,302,421372,IN
vpn738728372,12574,-,0,IN
vpn371812845,11796,-,0,LT
vpn985575416,9014,-,0,CH
vpn116195324,8809,715,38678,VE
#HostName,Score,Ping,Speed,CountryShort
vpn326320448,621737,6,47568801,JP
vpn681872580,600789,18,56545835,JP
vpn118021154,595004,5,91692107,JP
vpn697039047,593901,6,83782458,JP
vpn567144020,593189,6,59492800,JP
vpn356834535,585945,21,180115341,JP
vpn230410552,572528,10,36133848,US
vpn417311504,566860,11,83733060,JP
vpn527520438,533328,32,86771862,KR
vpn723929476,531837,30,91261052,KR
vpn493325660,524216,30,47715790,KR
vpn309049299,523064,32,86667294,KR
vpn240239232,518345,32,74918243,KR
vpn525154265,518059,31,78737661,KR
vpn440613752,510811,34,72441057,KR
vpn590355901,509824,34,46379980,KR
vpn102559767,502730,36,81685153,KR
vpn453087758,498388,38,93512630,KR
vpn713127575,498331,36,98740544,KR
vpn828369123,492474,38,76383448,KR
vpn133070783,479170,44,46340436,KR
vpn0806449,474359,93,30085022,TW
vpn629456426,472969,50,75622308,KR
vpn453597216,466055,34,27580425,TW
vpn756123049,444201,71,59067081,KR
vpn614686534,418126,10,17360552,AT
vpn928445223,360529,11,10421979,NL
vpn846818004,347166,17,9254624,MY
vpn830594659,317487,27,11946598,RU
vpn486222057,304521,61,17360358,VN
2016-2,287244,19,62903908,HK
vpn123968015,284044,106,17671692,KR
vpn353726882,278389,17,5531414,DE
vpn702144141,264371,56,15363273,TH
vpn902886153,262088,74,14562787,ID
vpn888298453,242008,31,8685144,AM
vpn692343339,235175,15,0,US
vpn112787383,228998,26,3310198,BG
hoangtu-vpn,225248,53,9094566,VN
vpn354805718,216045,31,5045313,RU
lolggwp,166552,19,65959853,TW
nanamoe-2nd,166480,3,270568036,JP
vpn629176808,163356,51,4091992,KR
vpn836199818,154396,8,114831609,JP
vpn942238345,152525,19,32007990,JP
vpn629493113,135527,15,25895472,JP
vpn299980977,130555,34,129911596,KR
vpn938364099,128516,49,1197876,KR
vpn334652667,127382,14,23201276,JP
vpn615819216,121622,9,15114227,FR
vpn215754455,114368,121,68607008,RU
vpn894631215,112302,66,4002948,BY
vpn463837070,111527,111,49312492,KR
vpn111071340,109735,7,14982034,JP
vpn912802383,109333,72,4219228,TH
vpn939573864,109075,15,15875366,IT
vpn715196327,107928,-,560195342,US
vpn660428710,104140,13,10155982,FR
vpn445806980,100447,315,25268019,JP
vpn714170847,98815,54,0,KZ
vpn421800947,96700,62,24012250,KR
vpn638904251,85571,35,13679124,KR
vpn819648138,85154,21,7294556,RU
vpn105728632,80926,45,15109740,KR
vpn740941941,78038,54,16568974,TH
vpn789002001,77399,103,926800,ID
vpn620745273,73777,24,7269636,US
vpn617042832,68301,24,4851628,RU
889907025n,66138,26,1044972,IN
vpn352539996,63702,34,8878440,TH
vpn869176087,62989,28,4889355,JP
vpn353572687,58731,27,4075933,TN
vpn536875707,57167,150,13546225,JP
vpn377586883,56075,154,173229,KR
vpn875456657,51652,64,6901676,TW
vpn976704997,48990,49,5721517,RU
vpn661730302,47120,61,4550888,US
vpn184419354,46501,47,4488047,UA
vpn803145478,43451,83,7768747,SA
vpn949229468,43117,563,3236311,KR
vpn299881017,40519,44,3812600,ID
vpn569100337,38007,-,7933793,CA
vpn862653187,37029,88,3653384,VN
vpn885979621,31139,51,118865,VN
vpn607341315,29149,184,3622192,RO
vpn161952515,26997,-,4832160,AU
vpn621842227,26359,82,1897333,ID
vpn827909717,25503,-,0,UA
vpn914267702,25366,49,1376370,ID
vpn643566887,15917,71,115725,TH
vpn690289014,14794,-,0,FR
vpn374313490,13907,-,0,ES
vpn186612437,10774,670,0,TH
vpn449425528,9707,-,0,OM
vpn462502964,5720,-,0,RU
#HostName,Score,Ping,Speed,CountryShort
vpn164416072,611291,15,45163463,JP
vpn704624511,595719,5,145026865,JP
vpn300172145,585791,2,401165076,JP
vpn182295955,580568,19,87497287,HK
vpn976564093,541229,30,62560921,KR
vpn876695063,530636,29,141895185,JP
vpn750168004,530548,37,74494681,KR
vpn217445286,515453,32,77175651,KR
vpn291923826,515340,33,68319456,KR
vpn724131226,514050,14,23656788,JP
vpn197525784,504849,37,171201148,KR
vpn550661982,504299,37,92773513,KR
vpn411287870,497701,37,132953181,KR
vpn939099488,490964,38,76727768,KR
vpn0806449,480024,93,30085022,TW
vpn690866226,474106,48,56329347,KR
vpn407595669,470736,39,61379867,RU
vpn453597216,465879,34,27580425,TW
vpn812934270,462374,58,70781459,KR
vpn392266440,457144,61,45652252,KR
vpn650923204,450672,63,33950918,KR
vpn989886793,441076,75,85530317,KR
vpn216774239,411936,169,33044205,KR
vpn394849121,385323,27,19161591,TH
vpn606415596,350848,18,9728514,JP
vpn517753490,337393,7,8882552,JP
2016-2,285202,19,62903908,HK
vpn342439324,283753,54,14539684,KR
vpn346826522,279858,54,14225984,VN
vpn565232088,279678,1,4339772,RU
vpn692454093,273680,56,16198329,RU
vpn990409051,237482,18,606118,JP
vpn863692155,230180,57,10827564,KR
hoangtu-vpn,226100,53,9094566,VN
vpn528782986,209665,22,0,VN
vpn296450744,209392,38,7868141,DE
vpn682191356,209150,35,5840090,RU
vpn979727150,184826,65,9117161,VE
vpn182185011,178955,29,2545419,ID
vpn314011862,171427,39,4281046,VN
lolggwp,164426,19,65959853,TW
nanamoe-2nd,161140,3,270568036,JP
vpn298134084,155333,19,51402809,JP
vpn894101146,153598,4,34691980,JP
vpn622279749,150338,8,28681446,JP
vpn956427379,149476,9,49884159,JP
vpn365035488,148869,22,69069469,JP
vpn492347102,134100,32,69438182,KR
vpn637098679,132057,1,22938505,RU
vpn586456425,129496,64,3178587,KR
vpn896163446,128772,49,1328339,VN
vpn270945458,128407,203,7925512,TH
vpn733107458,127601,33,50958355,KR
vpn315170809,123428,46,719655,JP
vpn816646748,122638,25,24676007,ID
vpn149123477,121412,44,0,KR
vpn615819216,121230,9,15114227,FR
vpn355700676,120023,71,36432273,KR
vpn843897043,118872,54,2985651,TH
vpn576643913,117665,11,18224649,JP
vpn715196327,114854,-,560195342,US
vpn636395580,114763,64,28105566,KR
vpn660428710,104943,13,10155982,FR
vpn331836247,104551,47,23375950,KR
vpn553388431,104232,61,933578,BR
vpn445806980,101458,315,25268019,JP
vpn988648450,91768,141,25453485,RU
vpn371580353,89779,5,11940776,JP
vpn628782353,88084,-,4559695,RO
vpn588838668,72571,44,15910170,TH
vpn284704928,71646,243,2284946,RE
vpn832319025,62689,24,2109229,VN
889907025n,61349,26,1044972,IN
vpn499932928,61254,238,15814381,KR
vpn757602841,57996,41,9437485,KR
vpn612656271,51945,103,11136030,VN
vpn875456657,51236,64,6901676,TW
vpn394863645,47735,33,2680956,ID
vpn545106645,39485,47,2732792,BY
vpn885979621,37101,51,118865,VN
vpn949229468,35997,563,3236311,KR
vpn817934889,35650,74,6153670,GE
vpn240620477,27689,57,0,US
vpn750021935,21386,-,4717062,RU
vpn364466388,21296,64,0,ID
vpn473228295,19110,75,1195989,ID
vpn911756351,17941,195,895096,BD
vpn881333077,16983,-,2260952,FR
vpn462502964,10834,-,0,RU
vpn797708116,10126,316,1164617,GH
vpn661773283,8992,-,0,US
vpn634119795,6963,-,0,FI
vpn568276326,6534,-,0,RU
#HostName,Score,Ping,Speed,CountryShort
vpn683559808,600457,7,288483273,JP
vpn632437339,595651,7,121021237,JP
vpn980748231,595233,2,97890250,JP
vpn697039047,591981,6,83782458,JP
vpn653512476,574660,22,41578676,JP
vpn519537103,541922,23,145545221,JP
vpn647133614,526461,30,145294685,KR
vpn861182371,525319,31,45123341,JP
vpn754196769,513207,34,93741465,KR
vpn680544920,503303,36,122624897,KR
vpn453087758,497483,38,93512630,KR
vpn406598105,494744,37,145319713,KR
vpn367495263,490104,40,50031174,KR
vpn627321293,478551,44,47726184,KR
vpn0806449,474534,93,30085022,TW
vpn453597216,471322,34,27580425,TW
vpn522218282,461341,57,76274284,KR
vpn353528396,456222,57,70687787,KR
vpn346701198,451302,33,21951211,KR
vpn105331577,442206,49,27508629,US
vpn774083918,430853,59,27264308,KR
vpn638582690,429616,41,23888257,US
vpn645287283,390198,-,59689316,KR
vpn574012351,375598,21,12830808,CL
vpn345030961,331781,32,16677724,TH
2016-2,282927,19,62903908,HK
vpn799950458,259508,48,13838936,UA
vpn282380858,240320,53,10970310,KR
hoangtu-vpn,228037,53,9094566,VN
vpn112787383,224612,26,3310198,BG
nanamoe-2nd,170782,3,270568036,JP
lolggwp,169878,19,65959853,TW
vpn579533767,157567,3,526298463,JP
vpn629176808,156348,51,4091992,KR
vpn377191347,155601,14,45358864,JP
vpn720886368,153379,16,235684996,JP
vpn421298526,151313,6,64642788,JP
vpn822267659,150264,2,200431436,JP
vpn937312104,146133,33,0,UA
vpn546598012,130186,37,34096982,KR
vpn186416566,129335,36,40220925,KR
vpn181507694,129250,46,1000918,ID
vpn873749766,127054,39,146325232,KR
vpn993827397,126310,42,36582257,KR
vpn177812941,125525,38,39618462,KR
vpn608526263,123756,41,37337192,KR
vpn615819216,123272,9,15114227,FR
vpn839143616,109906,89,42698876,KR
vpn715196327,107350,-,560195342,US
vpn714170847,106585,54,0,KZ
vpn421800947,103957,62,24012250,KR
vpn445806980,102551,315,25268019,JP
vpn660428710,98924,13,10155982,FR
vpn900642240,96048,-,42609981,JP
vpn941016895,94510,88,1132067,VE
vpn761112690,94209,-,41595606,KR
vpn858445494,92813,21,12310619,JP
vpn328582756,88481,68,19430947,KR
vpn860172468,86387,23,10896917,DE
vpn819648138,85261,21,7294556,RU
vpn533715611,82262,13,8206325,RU
vpn810766101,78001,24,9649640,ID
vpn411528980,75657,269,4224522,DE
vpn352797294,74431,77,0,BR
vpn281217585,70437,49,12247944,UA
vpn884705992,66972,10,638952,JP
889907025n,64302,26,1044972,IN
vpn860210319,64152,29,9137956,US
vpn875456657,59699,64,6901676,TW
vpn250561285,57395,60,9170163,VN
vpn923855082,57113,37,5920315,TH
vpn113766069,55220,43,7475471,ID
vpn710830899,53961,85,12839833,JP
vpn214063176,53132,31,5352964,TH
vpn621028406,50302,112,9166122,KR
vpn917225060,48955,47,6196922,UA
vpn339117403,47228,34,1680243,MY
vpn868170020,46348,165,12222332,TH
vpn685919130,43560,37,2282351,ID
vpn949229468,41381,563,3236311,KR
vpn885979621,40259,51,118865,VN
vpn665607297,40031,46,1368733,ID
vpn404176266,39505,52,4418205,TH
vpn465206972,39132,57,2853293,KR
vpn232293531,37709,41,829240,ID
vpn264791247,31046,80,5617543,US
vpn607341315,28212,184,3622192,RO
vpn267866731,20234,92,1419569,RU
vpn271433959,19486,-,4599705,TH
vpn572325431,18508,90,99500,TM
vpn130367691,17395,-,3236816,FR
vpn224219764,15831,215,1823835,US
vpn462502964,13480,-,0,RU
vpn371812845,9155,-,0,LT
vpn981524225,6142,-,0,MA
vpn369875104,6026,-,0,TH
#HostName,Score,Ping,Speed,CountryShort
vpn362143320,601791,13,33157478,US
vpn690478895,599350,2,523145228,JP
vpn391998545,598252,6,72041360,JP
vpn869943217,590723,5,250374316,JP
vpn591216839,588345,19,180279948,JP
vpn222693426,586004,13,70039923,JP
vpn811914540,574031,19,27968147,JP
vpn973931261,528691,26,42160303,TH
vpn933475801,521191,31,165674343,KR
vpn555052487,517000,31,86448704,KR
vpn349582420,515891,32,85524301,KR
vpn187983162,514633,33,156047904,KR
vpn251737894,514322,33,80126641,KR
vpn152557828,511341,33,53389396,KR
vpn803702342,505115,36,126089308,KR
vpn815974098,503395,36,38995979,KR
vpn768118737,499872,37,92267360,KR
vpn617658735,498522,36,47050771,KR
vpn529793828,494458,39,42411287,KR
vpn349935718,490307,39,136977910,KR
vpn656335584,475102,50,86912803,KR
vpn0806449,474772,93,30085022,TW
vpn453597216,470930,34,27580425,TW
vpn260073154,467776,53,123586437,KR
vpn910909887,454764,62,81054049,KR
vpn402860087,452785,70,40963947,KR
vpn505245056,451675,66,75252896,KR
vpn669523362,450248,67,68351363,KR
vpn457935066,446769,66,29758050,KR
vpn376765064,435179,40,25002210,VN
vpn638778237,430070,115,37345093,KR
vpn369247449,414164,149,64693563,KR
vpn241244051,404111,277,61841188,KR
vpn227760626,388171,51,22591664,KR
vpn982319104,387084,10,13166246,GB
vpn574012351,376168,21,12830808,CL
vpn749856653,372141,20,12217878,TH
2016-2,287745,19,62903908,HK
hoangtu-vpn,220545,53,9094566,VN
lolggwp,167222,19,65959853,TW
nanamoe-2nd,166208,3,270568036,JP
vpn171125563,160378,52,5181356,LT
vpn421298526,152539,6,64642788,JP
vpn216522495,131748,39,0,LV
vpn935588000,131736,57,2580261,TH
vpn514747678,131049,33,31084590,KR
vpn951964237,129025,36,58829918,KR
vpn938136823,128330,33,47753172,KR
vpn314304038,127675,33,60384862,KR
vpn849899161,125009,54,3103660,DE
vpn500429510,123946,36,31600705,KR
vpn728163125,122778,41,33872539,KR
vpn615819216,119460,9,15114227,FR
vpn666084129,119000,20,18821007,JP
vpn715196327,113042,-,560195342,US
vpn582929031,111758,52,2461077,DZ
vpn198746110,106693,-,42414145,KR
vpn445806980,105737,315,25268019,JP
vpn660428710,100024,13,10155982,FR
vpn456223730,99759,56,0,CL
vpn902135623,92139,49,0,TH
vpn533715611,86422,13,8206325,RU
vpn893796365,79895,5,7607172,US
vpn289963452,75034,68,17446766,KR
vpn798334201,74811,32,11992425,JP
889907025n,67877,26,1044972,IN
vpn632128514,67286,38,8712681,RO
vpn188441681,67247,20,3215121,GB
vpn675433280,60273,18,2030154,CA
vpn970589271,54401,40,7198436,KR
vpn684286112,53188,-,13829640,RU
vpn875456657,52427,64,6901676,TW
vpn868170020,45970,165,12222332,TH
vpn732898684,45330,-,1396518,RU
vpn499815161,44767,-,13791331,US
vpn404176266,43427,52,4418205,TH
vpn319680339,43282,71,5546882,RU
vpn949229468,39734,563,3236311,KR
vpn269193516,37587,36,1221375,ID
vpn817934889,37274,74,6153670,GE
vpn643889741,34348,48,2000360,IN
vpn908756796,33495,53,1350509,ID
vpn885979621,33319,51,118865,VN
vpn258047914,32069,224,4545244,JP
vpn203867006,26512,68,2697131,VN
vpn169618230,24791,57,1900247,BD
vpn487227175,20997,-,2172003,RU
vpn722914307,19815,72,1292698,ID
vpn772860973,16723,487,0,KM
vpn256731001,14850,-,228486,CI
vpn890893285,12715,-,0,RU
vpn660159591,8679,-,0,TM
vpn778125556,8625,-,0,US
vpn758642776,5839,-,0,CA
vpn975713539,5148,-,0,RU
#HostName,Score,Ping,Speed,CountryShort
vpn341890199,632928,9,137792748,JP
vpn885338432,606822,14,58703625,JP
vpn592006072,604419,4,79687515,JP
vpn702220258,602184,2,229383528,JP
vpn865618594,600310,11,49596846,JP
vpn967601503,599154,5,73407248,JP
vpn588852946,596111,5,57899951,JP
vpn532643424,592923,7,35774670,JP
vpn668988576,524509,30,38979588,KR
vpn864543582,524503,31,65184214,KR
vpn995603295,523767,31,62860518,KR
vpn983456644,519815,36,66846512,KR
vpn652178335,518655,32,162093145,KR
vpn245556444,518263,33,87403388,KR
vpn464203084,508688,33,72871987,KR
vpn890486845,508071,33,130059376,KR
vpn182709273,508018,37,84434472,KR
vpn772328878,506469,36,40174470,ID
vpn977114446,494906,37,52507845,KR
vpn0806449,476546,93,30085022,TW
vpn453597216,474070,34,27580425,TW
vpn902369125,470301,53,89957568,KR
vpn812934270,457690,58,70781459,KR
vpn266592722,457087,61,58474626,KR
vpn774083918,427166,59,27264308,KR
vpn961893908,374786,60,23150515,KR
vpn612171382,368330,14,13837688,DE
2016-2,288197,19,62903908,HK
vpn477230939,268258,31,10803542,CA
vpn749445113,253814,41,11956528,TH
vpn751185436,242692,30,6886670,TH
hoangtu-vpn,219631,53,9094566,VN
vpn951931794,194597,41,7272500,TH
nanamoe-2nd,168319,3,270568036,JP
lolggwp,164903,19,65959853,TW
vpn271643571,156662,71,5731031,KR
vpn412375575,156168,46,3767376,TH
vpn654824795,154766,11,31826484,JP
vpn585375637,149655,10,30186372,JP
vpn362731909,146174,33,1889450,ID
vpn217464331,142455,5,25961994,JP
vpn162700343,128861,43,48693950,KR
vpn637944896,119599,13,19553038,JP
vpn615819216,116619,9,15114227,FR
vpn560166114,114832,47,0,UA
vpn715196327,111989,-,560195342,US
vpn660428710,108191,13,10155982,FR
vpn795060221,106188,5,14498066,RU
vpn445806980,104654,315,25268019,JP
vpn805410686,99254,15,12331321,JP
vpn734247065,94866,-,5796886,AT
vpn196708499,93507,139,25453684,KR
vpn423670925,92884,43,18102145,US
vpn104735284,89867,23,12647526,JP
vpn973740719,87808,179,3004216,KR
vpn294188960,87250,80,764881,VE
vpn803997864,84822,33,14513577,LT
vpn449812236,82474,64,1296488,VE
vpn591921818,76725,12,6207734,RU
vpn284704928,73363,243,2284946,RE
vpn972426940,72705,96,2229473,SY
vpn624305386,71457,19,6422411,ID
889907025n,68479,26,1044972,IN
vpn658117969,67013,229,15704626,JP
vpn848318170,61076,28,5891229,CA
vpn204117328,60922,26,6762459,DE
vpn875456657,60706,64,6901676,TW
vpn907501230,59110,27,4940474,US
vpn218535320,56443,6,0,AE
vpn603910162,52438,31,5442708,DE
vpn743561682,51183,55,8135521,KR
vpn752148760,49974,34,2876407,JP
vpn161582725,45376,-,12305158,FR
vpn340858394,44673,58,6446153,TH
vpn433522792,44049,-,1404893,OM
vpn281409757,41890,96,8025998,MY
vpn949229468,40306,563,3236311,KR
vpn780881602,38398,55,5279480,TN
vpn264791247,37749,80,5617543,US
vpn885979621,37061,51,118865,VN
vpn675109325,36613,52,385846,ID
vpn501564350,31365,-,5648031,QA
vpn563672369,27886,-,6243985,FR
vpn240620477,27479,57,0,US
vpn959348306,27144,-,0,GB
vpn204226582,26006,-,4898158,UA
vpn686971837,25293,67,2873814,PH
vpn161952515,23318,-,4832160,AU
vpn736194837,23135,93,1598816,KR
vpn708006931,15573,123,1594427,UZ
vpn976339961,14132,-,0,IN
vpn305371950,13295,-,0,NL
vpn463912794,5907,-,0,UA
vpn233432746,2366,2019,83539,ID
#HostName,Score,Ping,Speed,CountryShort
vpn171105779,610763,12,73832262,JP
vpn789110912,596170,15,41474666,JP
vpn983398574,595145,19,79796593,JP
vpn703250926,593211,4,191682872,JP
vpn595535124,574233,19,95027094,JP
vpn961727572,533456,25,44479426,TH
vpn863376477,519957,32,78098036,KR
vpn965609138,518908,32,104093395,KR
vpn656528651,514633,32,67571633,KR
vpn631274931,511698,32,54476488,KR
vpn562671741,509239,34,82916531,KR
vpn605788058,503123,36,151167401,KR
vpn329421774,502735,37,41919457,KR
vpn680544920,500937,36,122624897,KR
vpn367495263,495180,40,50031174,KR
vpn608127032,488025,42,46637725,KR
vpn865380022,481244,44,40909341,KR
vpn0806449,476018,93,30085022,TW
vpn574836991,475490,51,81122724,KR
vpn656335584,473413,50,86912803,KR
vpn453597216,469309,34,27580425,TW
vpn421333107,456914,64,61050831,KR
vpn910909887,453856,62,81054049,KR
vpn457935066,449484,66,29758050,KR
vpn300240608,446971,67,64508459,RU
vpn774083918,425805,59,27264308,KR
vpn638778237,425332,115,37345093,KR
vpn567788717,423593,118,38857049,ID
vpn638582690,421787,41,23888257,US
vpn648838196,386299,-,67668828,KR
vpn709579167,385450,5,13157011,RU
vpn256400664,332977,24,13350076,DE
vpn968068535,323687,45,17573661,KR
vpn285014996,309584,8,6292505,RU
2016-2,286536,19,62903908,HK
vpn159889815,282874,50,14494255,KH
vpn422354808,253373,18,2000270,ID
vpn541772805,250244,21,2544818,OM
vpn956969454,247539,47,11027367,KR
hoangtu-vpn,224438,53,9094566,VN
vpn627321398,204223,7,0,SE
vpn409610898,201365,93,12674771,KR
vpn762629025,195988,80,9943865,KR
vpn431229031,187049,25,0,MK
vpn591091322,164888,53,5020066,KR
lolggwp,164728,19,65959853,TW
nanamoe-2nd,162618,3,270568036,JP
vpn113921341,155512,5,40420950,JP
vpn415223929,154732,16,50542793,JP
vpn377191347,150099,14,45358864,JP
vpn985235995,149853,4,54941406,JP
vpn898389407,148512,11,33757968,JP
vpn255236875,137058,-,9046094,RU
vpn882197633,129745,61,1605756,US
vpn579204228,129446,37,40710376,KR
vpn262755857,128160,33,48371471,KR
vpn775969766,123639,15,22379388,TH
vpn492775627,123092,56,51047176,KR
vpn181893317,122936,9,20067827,RU
vpn615819216,120420,9,15114227,FR
vpn307030922,120079,34,0,TH
vpn943633537,118633,52,85797257,KR
vpn715196327,115863,-,560195342,US
vpn560166114,111591,47,0,UA
vpn534273173,111296,1,15128803,US
vpn404737141,109854,113,41731749,KR
vpn920818185,107381,5,16766867,JP
vpn445806980,106187,315,25268019,JP
vpn660428710,99972,13,10155982,FR
vpn761112690,95677,-,41595606,KR
vpn223977089,95305,15,10381814,SI
vpn988648450,94655,141,25453485,RU
vpn161097848,88373,215,2949945,FR
vpn926344053,87468,25,12475811,GE
vpn958474559,86742,23,11722365,IT
vpn369568498,83004,21,8482897,TH
vpn456693296,82187,37,16241308,TH
vpn167025382,80319,33,12939542,PT
vpn354905138,77729,25,9098345,RU
vpn408740188,77565,33,10758402,UA
889907025n,63992,26,1044972,IN
vpn889092009,58955,47,9328922,RU
vpn783443806,54261,-,15695972,AU
vpn132712792,52853,284,682159,AR
vpn875456657,52330,64,6901676,TW
vpn269178511,38530,38,2623089,NO
vpn949229468,36807,563,3236311,KR
vpn885979621,32275,51,118865,VN
vpn284562853,31276,122,5691954,CA
vpn285967895,26141,68,1184728,ID
vpn495970186,23086,-,942113,SA
vpn511708897,19255,84,897992,PH
vpn611359724,8812,-,0,GB
vpn357821597,8057,1522,0,VE
vpn465205831,7853,-,0,UA
vpn385800988,6915,-,0,RU
vpn809480913,5605,-,0,TM
#HostName,Score,Ping,Speed,CountryShort
vpn973876898,614730,3,454096684,JP
vpn687549203,605735,3,75159361,JP
vpn787171651,600931,5,228579840,JP
vpn477327725,597186,4,90738272,JP
vpn191570965,596354,17,52564972,JP
vpn916533330,525374,30,175908211,KR
vpn373330022,513015,22,24600208,JP
vpn387728724,512971,34,73045814,KR
vpn254166909,494406,38,94385438,KR
vpn243655798,489342,40,30003429,KR
vpn0806449,475167,93,30085022,TW
vpn453597216,470614,34,27580425,TW
vpn929901289,462098,53,49104113,KR
vpn217325126,461180,60,42212185,RU
vpn469141222,459418,41,27327512,KR
vpn680270995,451180,65,79296863,KR
vpn450893894,448209,74,30420718,KR
vpn370856329,422715,17,15647188,JP
vpn355311175,420244,32,22614740,US
vpn853420237,388461,-,51812706,ID
vpn357184017,326063,27,13694590,TH
vpn749596748,315106,68,18914428,VN
2016-2,288636,19,62903908,HK
vpn620817637,282160,22,7899756,AT
vpn259238962,254492,37,11365700,TH
vpn366188082,249811,52,12160171,KR
vpn457403381,240571,69,12524278,RU
vpn721079363,240103,31,8564981,DE
vpn497984938,225431,11,0,RO
hoangtu-vpn,219697,53,9094566,VN
vpn984923383,209228,37,5887752,VN
vpn207392384,194915,41,7011975,TH
vpn519492590,178221,30,2836331,ID
lolggwp,171476,19,65959853,TW
nanamoe-2nd,170629,3,270568036,JP
vpn451260593,159806,56,4648936,VE
vpn765334927,156075,11,54565276,JP
vpn495464867,154032,8,41255094,JP
vpn484045337,153558,6,69301656,JP
vpn669597585,151543,13,87161696,JP
vpn114200082,148356,17,75303931,JP
vpn937082958,147109,4,43105673,JP
vpn790678775,145919,16,46473612,JP
vpn276893298,140890,-,10677303,GB
vpn487485058,131501,33,148422400,KR
vpn270945458,128666,203,7925512,TH
vpn482766729,125599,35,46577758,KR
vpn690835777,125305,10,21557634,JP
vpn655083490,124115,39,52527678,KR
vpn464576669,123206,62,2534269,BR
vpn162700343,121228,43,48693950,KR
vpn615819216,120742,9,15114227,FR
vpn114853296,117589,-,7736485,TH
vpn309264186,117582,39,26911177,KR
vpn504723948,115915,24,20400969,JP
vpn715196327,114194,-,560195342,US
vpn142543507,110575,4,15351896,FR
vpn445806980,103247,315,25268019,JP
vpn489602476,102111,-,39229536,KR
vpn660428710,99594,13,10155982,FR
vpn832359001,96998,71,22583939,JP
vpn525236344,92252,28,14901132,JP
vpn369584318,90672,87,1070868,VE
vpn728350141,86547,-,5225569,FR
vpn378981771,80309,54,0,TH
vpn256777207,79616,35,14417766,KR
vpn759681403,76528,-,22401835,KR
vpn934283304,76299,94,1752460,VN
vpn422741545,73360,85,1327710,DZ
vpn208792584,69737,71,15775721,VN
889907025n,69024,26,1044972,IN
vpn410620387,66096,91,0,SA
vpn674762676,56865,38,4755634,JP
vpn845120865,53959,25,0,ID
vpn875456657,52302,64,6901676,TW
vpn923855082,51693,37,5920315,TH
vpn648330587,46572,49,5635878,JP
vpn326932653,42157,46,4273920,CA
vpn911408426,40793,1166,235424,US
vpn453908958,39015,2657,9960768,ID
vpn846223000,37669,53,2463686,PL
vpn949229468,34762,563,3236311,KR
vpn462284728,32047,38,991493,ID
vpn885979621,31665,51,118865,VN
vpn166553106,27291,57,0,ES
vpn472568848,22100,66,0,VN
vpn155528928,20024,-,0,AR
vpn536935598,14329,-,0,BR
vpn463912794,13579,-,0,UA
vpn499336876,9316,-,0,TH
vpn533362907,9043,-,0,GB
vpn357337604,4581,-,0,GR
vpn933179947,3040,1863,0,VE
vpn966400134,1823,-,0,BE
#HostName,Score,Ping,Speed,CountryShort
vpn808043826,614860,10,55680372,JP
vpn201847389,589878,6,93872424,JP
vpn698030640,589047,7,77282400,JP
vpn976564093,540739,30,62560921,KR
vpn866818039,527403,26,40962604,TH
vpn667334700,524412,32,72823011,KR
vpn388824336,522278,30,92207698,KR
vpn933475801,522064,31,165674343,KR
vpn555052487,519936,31,86448704,KR
vpn925079799,518645,31,71164923,KR
vpn775887667,505957,38,92015977,KR
vpn451423466,503091,37,81237402,KR
vpn605788058,496544,36,151167401,KR
vpn349935718,491584,39,136977910,KR
vpn456098774,488709,39,145717507,KR
vpn672242571,488049,41,88733318,KR
vpn608127032,481349,42,46637725,KR
vpn0806449,477329,93,30085022,TW
vpn656335584,472554,50,86912803,KR
vpn453597216,471686,34,27580425,TW
vpn177321708,457434,65,49694958,KR
vpn997251547,451851,62,44977931,KR
vpn143295805,445767,76,91273697,KR
vpn376765064,443001,40,25002210,VN
vpn105331577,440987,49,27508629,US
vpn574012351,373155,21,12830808,CL
vpn120867199,342478,18,10447440,US
vpn109833471,328589,6,9700560,NL
vpn968068535,325366,45,17573661,KR
vpn163238201,312585,63,18569542,KR
vpn794111512,309466,54,16877229,KR
vpn356116886,293049,11,6949134,ID
2016-2,291268,19,62903908,HK
vpn943206611,286283,25,7932867,US
vpn636416056,258647,-,19499981,KR
vpn583623582,227937,52,9852395,AT
hoangtu-vpn,224007,53,9094566,VN
vpn154107462,205801,42,6896769,UA
vpn528301260,201389,51,9384396,TH
vpn409610898,200859,93,12674771,KR
vpn173299746,200186,49,7331534,TH
lolggwp,170878,19,65959853,TW
nanamoe-2nd,170299,3,270568036,JP
vpn734399960,162819,15,250847900,JP
vpn474853850,157355,3,49646937,JP
vpn133819312,155192,10,55216800,TW
vpn697765817,153529,9,69396341,JP
vpn381972919,152660,4,53764962,JP
vpn487073319,143547,26,41394093,JP
vpn326143164,139035,98,7672052,TH
vpn980310719,132276,86,5123085,BR
vpn938136823,131822,33,47753172,KR
vpn387071349,127815,35,53762950,KR
vpn941098355,127770,35,48461806,KR
vpn615819216,124573,9,15114227,FR
vpn181893317,122256,9,20067827,RU
vpn492775627,121517,56,51047176,KR
vpn374474810,120679,9,21456262,JP
vpn357107912,119487,67,52112985,KR
vpn603514183,119027,16,20160297,JP
vpn830555759,118776,33,26188043,KR
vpn368192795,118642,56,68380784,KR
vpn886368469,109959,68,3875427,UA
vpn715196327,109196,-,560195342,US
vpn660428710,101744,13,10155982,FR
vpn445806980,100781,315,25268019,JP
vpn900642240,100086,-,42609981,JP
vpn887768733,98612,35,18622902,KR
vpn650356191,95448,19,11881314,GB
vpn396719791,93429,13,11407746,RU
vpn819648138,81235,21,7294556,RU
vpn399340687,77303,3,6021950,RU
vpn176306825,77289,118,1010662,UZ
vpn803599870,72869,31,10559004,RU
vpn473327353,71232,105,17705937,KR
889907025n,67422,26,1044972,IN
vpn565474736,65862,73,13731816,KR
vpn245160324,62977,1,0,US
vpn194585934,61986,14,0,US
vpn875456657,59893,64,6901676,TW
vpn565549555,57894,42,9248824,ID
vpn263391474,44970,30,0,MY
vpn712621555,43791,83,5879084,AT
vpn949229468,40656,563,3236311,KR
vpn783218895,36104,58,3213359,LK
vpn885979621,32253,51,118865,VN
vpn713044441,31137,49,2865814,ID
vpn265015410,30668,54,0,US
vpn702382942,26788,71,2314795,UZ
vpn860076292,23470,-,3503429,IT
vpn241503755,17463,116,1042620,VE
vpn526615995,13746,-,0,FR
vpn316438109,13352,-,450358,RU
vpn809100898,12032,-,2168560,VN
vpn158514136,8839,-,0,HU
vpn369875104,8393,-,0,TH
vpn779102609,6469,-,0,DE
#HostName,Score,Ping,Speed,CountryShort
vpn299555612,638806,4,461999316,JP
vpn359022766,616114,2,68250355,JP
vpn981678916,598495,12,96847296,JP
vpn566556086,593640,22,76624145,JP
vpn495357900,519823,33,54505106,KR
vpn981436327,517810,34,155940232,KR
vpn894573463,514636,33,83599403,KR
vpn579667992,508840,34,81682999,KR
vpn858150970,507156,33,75178728,KR
vpn488254871,504941,36,74107416,KR
vpn680544920,503065,36,122624897,KR
vpn933825122,498879,36,180752900,KR
vpn602644062,494732,38,75326188,KR
vpn498278169,488996,40,41525904,KR
vpn454572507,480835,42,48226244,KR
vpn0806449,476525,93,30085022,TW
vpn453597216,469880,34,27580425,TW
vpn250683885,444192,71,30400307,KR
vpn952405423,434629,92,31918621,KR
vpn907038719,426116,66,28163275,KR
vpn583453293,419877,132,51450534,RU
vpn313992400,402982,28,19110638,DO
2016-2,284871,19,62903908,HK
vpn545643660,255676,24,7277973,TH
vpn922937545,233590,1,1917859,BR
vpn427842697,226883,1,0,AR
hoangtu-vpn,224799,53,9094566,VN
vpn281685146,221142,49,8772335,KR
vpn122028137,201110,64,8718221,VN
vpn742639638,186973,147,12016669,RU
lolggwp,170732,19,65959853,TW
vpn205818439,169938,58,7526517,TH
nanamoe-2nd,164185,3,270568036,JP
vpn877115384,159236,48,3783641,ID
vpn734399960,158307,15,250847900,JP
vpn747949356,156834,45,4533278,TH
vpn912500300,154762,11,34205462,JP
vpn809463665,153124,4,43910688,JP
vpn888520152,152340,16,33262239,JP
vpn155703096,149312,20,67709402,JP
vpn484697861,147426,5,40294059,JP
vpn592270990,141568,85,6387871,IL
vpn739375664,130126,15,24279305,JP
vpn185814310,128615,40,37403068,KR
vpn270945458,124244,203,7925512,TH
vpn407289937,122840,58,42338460,KR
vpn615819216,122203,9,15114227,FR
vpn950018051,119239,74,35083792,KR
vpn381662397,118540,59,3513004,LK
vpn715196327,116059,-,560195342,US
vpn203239786,111439,23,19959683,JP
vpn523385381,105028,61,886057,VE
vpn660428710,103957,13,10155982,FR
vpn209738790,103668,14,13693830,AT
vpn445806980,101974,315,25268019,JP
vpn146224492,99445,52,22077283,TH
vpn690692661,98141,14,15050060,JP
vpn860899328,95760,38,17809360,KR
vpn435091438,82626,17,10244383,GB
vpn607593982,82463,46,15366768,JP
vpn869406778,75162,39,11575402,KR
vpn660501587,74543,13,4514714,JP
vpn862376751,69986,20,3901912,AR
889907025n,68476,26,1044972,IN
vpn502369425,66459,20,764575,NO
vpn276843607,62206,66,12547300,TH
vpn713982693,61829,116,13650645,BD
vpn245160324,59265,1,0,US
vpn875456657,59033,64,6901676,TW
vpn263528790,56379,53,8862140,TH
vpn644706320,51618,-,13844840,TH
vpn794135347,50368,56,6749025,MX
vpn608100949,48128,50,3419084,TR
vpn255797178,46898,38,3078170,ID
vpn446385138,45470,42,2387728,ID
vpn949229468,42194,563,3236311,KR
vpn372462913,42097,-,8763811,ID
vpn885979621,37264,51,118865,VN
vpn525035951,33899,51,0,RU
vpn573243346,31226,47,1253805,ID
vpn344007324,29722,44,0,KR
vpn554452102,28659,52,1411321,DZ
vpn161551100,28164,-,0,US
vpn179016537,28004,67,102248,KR
vpn246259584,25943,-,8330001,TH
vpn700903712,24021,58,1284598,ID
vpn267866731,21647,92,1419569,RU
vpn420918315,20237,-,3864865,MD
vpn686447532,19412,92,999492,SA
vpn844815759,16324,270,897357,SY
vpn593784800,13408,166,667849,RU
vpn408945579,9101,-,0,TN
vpn418464206,8871,-,0,IN
vpn955882573,8577,-,0,US
vpn465879314,3537,-,0,TH
#HostName,Score,Ping,Speed,CountryShort
vpn326320448,619129,6,47568801,JP
vpn681872580,597864,18,56545835,JP
vpn118021154,590914,5,91692107,JP
vpn567144020,590913,6,59492800,JP
vpn697039047,589896,6,83782458,JP
vpn356834535,585697,21,180115341,JP
vpn230410552,576487,10,36133848,US
vpn417311504,567139,11,83733060,JP
vpn527520438,533615,32,86771862,KR
vpn723929476,532307,30,91261052,KR
vpn525154265,524270,31,78737661,KR
vpn493325660,523712,30,47715790,KR
vpn309049299,517158,32,86667294,KR
vpn440613752,517063,34,72441057,KR
vpn240239232,515984,32,74918243,KR
vpn590355901,504552,34,46379980,KR
vpn102559767,500064,36,81685153,KR
vpn713127575,499216,36,98740544,KR
vpn453087758,493875,38,93512630,KR
vpn828369123,493135,38,76383448,KR
vpn133070783,484266,44,46340436,KR
vpn0806449,477251,93,30085022,TW
vpn453597216,474317,34,27580425,TW
vpn629456426,474119,50,75622308,KR
vpn756123049,440925,71,59067081,KR
vpn614686534,420630,10,17360552,AT
vpn928445223,361067,11,10421979,NL
vpn846818004,338467,17,9254624,MY
vpn830594659,317222,27,11946598,RU
vpn486222057,302741,61,17360358,VN
2016-2,286965,19,62903908,HK
vpn123968015,278065,106,17671692,KR
vpn353726882,275628,17,5531414,DE
vpn702144141,266218,56,15363273,TH
vpn902886153,259068,74,14562787,ID
vpn888298453,244725,31,8685144,AM
vpn692343339,235330,15,0,US
hoangtu-vpn,225996,53,9094566,VN
vpn112787383,222612,26,3310198,BG
vpn354805718,219251,31,5045313,RU
lolggwp,170029,19,65959853,TW
nanamoe-2nd,164569,3,270568036,JP
vpn629176808,158677,51,4091992,KR
vpn836199818,151989,8,114831609,JP
vpn942238345,149373,19,32007990,JP
vpn629493113,136248,15,25895472,JP
vpn299980977,131181,34,129911596,KR
vpn334652667,130240,14,23201276,JP
vpn615819216,124776,9,15114227,FR
vpn938364099,123710,49,1197876,KR
vpn715196327,116311,-,560195342,US
vpn894631215,113319,66,4002948,BY
vpn215754455,113139,121,68607008,RU
vpn463837070,110390,111,49312492,KR
vpn939573864,109121,15,15875366,IT
vpn912802383,109065,72,4219228,TH
vpn714170847,104215,54,0,KZ
vpn111071340,103293,7,14982034,JP
vpn660428710,103049,13,10155982,FR
vpn445806980,102401,315,25268019,JP
vpn421800947,102090,62,24012250,KR
vpn638904251,78712,35,13679124,KR
vpn819648138,78130,21,7294556,RU
vpn105728632,76106,45,15109740,KR
vpn789002001,74425,103,926800,ID
vpn617042832,70681,24,4851628,RU
vpn740941941,69705,54,16568974,TH
889907025n,66270,26,1044972,IN
vpn352539996,65585,34,8878440,TH
vpn620745273,65207,24,7269636,US
vpn536875707,63323,150,13546225,JP
vpn353572687,61298,27,4075933,TN
vpn875456657,60494,64,6901676,TW
vpn869176087,58597,28,4889355,JP
vpn377586883,53409,154,173229,KR
vpn184419354,48660,47,4488047,UA
vpn299881017,47658,44,3812600,ID
vpn976704997,45350,49,5721517,RU
vpn803145478,44645,83,7768747,SA
vpn949229468,41544,563,3236311,KR
vpn661730302,41342,61,4550888,US
vpn885979621,34958,51,118865,VN
vpn569100337,31881,-,7933793,CA
vpn607341315,31346,184,3622192,RO
vpn862653187,30056,88,3653384,VN
vpn914267702,26932,49,1376370,ID
vpn621842227,26530,82,1897333,ID
vpn643566887,24655,71,115725,TH
vpn161952515,24425,-,4832160,AU
vpn827909717,20309,-,0,UA
vpn186612437,15572,670,0,TH
vpn462502964,10841,-,0,RU
vpn690289014,10331,-,0,FR
vpn449425528,9983,-,0,OM
vpn374313490,9807,-,0,ES
#HostName,Score,Ping,Speed,CountryShort
vpn970056746,604030,3,589516400,JP
vpn134490987,592975,4,60653344,JP
vpn591216839,592443,19,180279948,JP
vpn222693426,589636,13,70039923,JP
vpn385443899,587957,3,238600581,JP
vpn945023730,547162,26,32319635,JP
vpn600827124,521513,32,70133431,KR
vpn985026908,519930,31,90138974,KR
vpn349548205,516626,32,84415166,KR
vpn656528651,516179,32,67571633,KR
vpn863376477,514591,32,78098036,KR
vpn738145102,504089,35,78051620,KR
vpn541167777,501863,36,172065205,KR
vpn869187509,500985,37,92271592,KR
vpn977114446,498881,37,52507845,KR
vpn688268986,497714,37,85461142,KR
vpn127033276,497275,32,121926824,KR
vpn496740246,494684,37,93348256,KR
vpn349935718,493725,39,136977910,KR
vpn135705594,486145,40,58702395,KR
vpn0806449,477929,93,30085022,TW
vpn453597216,472252,34,27580425,TW
vpn620226470,454364,63,68032832,KR
vpn366055685,453990,64,44206180,KR
vpn177321708,450730,65,49694958,KR
vpn411648223,450189,64,54396120,KR
vpn884840616,442230,75,45968966,KR
vpn567788717,427788,118,38857049,ID
vpn144671145,402864,1,14156582,NO
vpn787638741,335365,72,21145795,VN
2016-2,284971,19,62903908,HK
vpn468475540,267481,49,12626022,KR
vpn302021120,249486,29,6326121,US
hoangtu-vpn,224466,53,9094566,VN
vpn583623582,221609,52,9852395,AT
vpn886611138,191717,43,6021795,TH
vpn197969219,189841,25,0,FR
vpn182185011,170595,29,2545419,ID
lolggwp,169623,19,65959853,TW
nanamoe-2nd,167617,3,270568036,JP
vpn166092534,149750,11,28540941,JP
vpn891965416,147179,34,2168255,FI
vpn345870064,145552,35,1825696,ID
vpn467399543,135506,1,23684388,US
vpn797470603,132837,36,66052670,JP
vpn436920472,131353,31,156142531,KR
vpn773584560,130944,33,52602704,KR
vpn853434851,126869,36,37237492,KR
vpn250164779,124251,41,53486,DZ
vpn603514183,121324,16,20160297,JP
vpn619207106,120720,44,0,KR
vpn198147686,117971,-,7527982,TH
vpn715196327,117244,-,560195342,US
vpn615819216,116120,9,15114227,FR
vpn149123477,115223,44,0,KR
vpn886368469,113728,68,3875427,UA
vpn505630003,112395,45,0,TH
vpn935942508,106184,3,15250745,JP
vpn286805939,105153,44,24801118,KR
vpn690692661,105069,14,15050060,JP
vpn445806980,101719,315,25268019,JP
vpn660428710,98832,13,10155982,FR
vpn321205923,95389,76,1128976,VE
vpn533715611,90242,13,8206325,RU
vpn926344053,90115,25,12475811,GE
vpn860172468,86758,23,10896917,DE
vpn593387491,86618,54,18553280,KR
vpn790961067,86341,21,8463697,JP
vpn893796365,79417,5,7607172,US
vpn981427655,73749,15,6122148,RS
vpn126171528,69908,35,8883924,KR
889907025n,69762,26,1044972,IN
vpn875456657,57359,64,6901676,TW
vpn433522792,50160,-,1404893,OM
vpn503485485,47743,56,8570586,PR
vpn970589271,47292,40,7198436,KR
vpn429057155,45144,52,5577896,TH
vpn732898684,39794,-,1396518,RU
vpn919956695,38586,120,7889129,TH
vpn949229468,37328,563,3236311,KR
vpn783218895,37070,58,3213359,LK
vpn885979621,36184,51,118865,VN
vpn780881602,36155,55,5279480,TN
vpn269193516,35449,36,1221375,ID
vpn598631930,34514,66,3535519,KZ
vpn852694060,29691,53,1129420,KR
vpn405186582,26954,-,6625761,AU
vpn725294376,26006,65,1109174,ID
vpn750021935,25297,-,4717062,RU
vpn560634094,22004,104,3216361,RU
vpn241503755,15820,116,1042620,VE
vpn827385233,13207,-,728556,NG
vpn278342983,12942,-,0,FR
vpn675326309,12666,-,0,TH
vpn939427149,10873,-,0,RU
#HostName,Score,Ping,Speed,CountryShort
vpn381088914,604882,5,312435931,JP
vpn903923665,600981,16,48630725,JP
vpn804272540,596164,8,33151485,JP
vpn865618594,593500,11,49596846,JP
vpn924444609,591156,12,83988659,JP
vpn402848474,587724,3,201338126,JP
vpn219810841,546709,25,75442051,JP
vpn985514155,530749,10,26247985,US
vpn618282225,527511,29,113370905,JP
vpn207252901,526238,31,67248113,KR
vpn790705810,523262,16,24713833,JP
vpn925079799,522968,31,71164923,KR
vpn273647549,522386,31,91901341,KR
vpn603900566,521967,31,86086543,KR
vpn415018810,521142,14,23867525,CA
vpn495357900,515233,33,54505106,KR
vpn482761592,509147,35,44764312,KR
vpn617658735,500438,36,47050771,KR
vpn136953878,499787,38,73110745,KR
vpn262935682,494086,37,171904424,KR
vpn965286051,488193,40,66950667,KR
vpn372929669,482018,36,44352966,KR
vpn542176849,478215,42,72468040,KR
vpn453597216,475155,34,27580425,TW
vpn0806449,472316,93,30085022,TW
vpn818183204,467598,52,85710429,KR
vpn793253689,465150,57,44077848,KR
vpn334958678,462587,54,40488272,KR
vpn177321708,458400,65,49694958,KR
vpn620226470,456562,63,68032832,KR
vpn546082041,455066,34,25107068,VN
vpn457935066,442944,66,29758050,KR
vpn285014996,311296,8,6292505,RU
vpn527933088,307159,72,18081824,KR
vpn349961022,296635,16,7164228,TH
2016-2,288418,19,62903908,HK
vpn355595792,284357,8,6029052,RU
vpn975145029,252009,40,9931969,ID
vpn501421689,250757,47,13038595,DE
vpn112787383,226345,26,3310198,BG
hoangtu-vpn,223937,53,9094566,VN
vpn192531860,219172,50,8730398,RU
vpn820549810,214896,43,9562709,JP
vpn688788365,209751,44,7362087,TH
vpn762629025,198656,80,9943865,KR
vpn332012578,191532,35,3953862,AU
vpn228965249,191302,35,3357051,JP
vpn188868084,187953,27,2962575,ID
lolggwp,171305,19,65959853,TW
nanamoe-2nd,164925,3,270568036,JP
vpn629176808,158138,51,4091992,KR
vpn518465909,151306,3,269323523,JP
vpn697765817,148368,9,69396341,JP
vpn935770188,135789,31,60267385,KR
vpn980310719,134027,86,5123085,BR
vpn374474810,128291,9,21456262,JP
vpn181893317,123353,9,20067827,RU
vpn303223288,120728,182,5888635,PA
vpn779743409,119771,57,81174320,KR
vpn615819216,119500,9,15114227,FR
vpn198147686,117408,-,7527982,TH
vpn905132070,112986,8,16090510,JP
vpn839143616,109329,89,42698876,KR
vpn715196327,107968,-,560195342,US
vpn445806980,104759,315,25268019,JP
vpn660428710,99694,13,10155982,FR
vpn208820872,94920,51,1013336,ID
vpn167025382,82254,33,12939542,PT
vpn473327353,77738,105,17705937,KR
vpn868996154,72641,25,6519651,US
889907025n,65358,26,1044972,IN
vpn565474736,65333,73,13731816,KR
vpn875456657,56857,64,6901676,TW
vpn776964912,56507,30,2497917,SI
vpn375512352,53612,40,7155796,TH
vpn419151917,52359,38,5430383,MU
vpn477130025,51507,235,2637084,RU
vpn429057155,41461,52,5577896,TH
vpn949229468,40449,563,3236311,KR
vpn921657238,37756,32,0,KR
vpn446385138,37595,42,2387728,ID
vpn885979621,36320,51,118865,VN
vpn381438409,30519,-,6250159,TH
vpn687458873,26627,102,2816691,PS
vpn905159378,24959,-,5096395,CA
vpn518598271,21774,-,3545477,FR
vpn960419274,19376,92,221129,TM
vpn389482406,17383,66,451188,LY
vpn495970186,16499,-,942113,SA
vpn473872822,14893,652,161467,PK
vpn572325431,11958,90,99500,TM
vpn981524225,10668,-,0,MA
vpn200937958,9462,-,0,MT
vpn222546531,9336,-,0,RU
vpn975713539,7343,-,0,RU
vpn468328362,1472,-,0,NO
#HostName,Score,Ping,Speed,CountryShort
vpn379594656,595885,4,375126804,JP
vpn697039047,592002,6,83782458,JP
vpn430805685,585416,16,83393857,JP
vpn595535124,574827,19,95027094,JP
vpn111088969,573966,22,113523555,JP
vpn219810841,547047,25,75442051,JP
vpn373250294,526240,30,78418696,KR
vpn187983162,520026,33,156047904,KR
vpn656528651,519195,32,67571633,KR
vpn717897478,518202,31,161842359,KR
vpn137643581,517867,32,82305812,KR
vpn273180158,515513,31,168194027,KR
vpn387476026,510527,32,89342483,KR
vpn775887667,502661,38,92015977,KR
vpn583166981,498688,39,71292478,KR
vpn451423466,497033,37,81237402,KR
vpn453087758,496202,38,93512630,KR
vpn869187509,495275,37,92271592,KR
vpn135705594,486198,40,58702395,KR
vpn608127032,485758,42,46637725,KR
vpn521552460,478447,44,79270282,KR
vpn0806449,474241,93,30085022,TW
vpn375971864,472268,48,82069507,KR
vpn296047703,465832,55,65669837,KR
vpn453597216,465476,34,27580425,TW
vpn402623559,465293,54,56488485,KR
vpn980125585,460582,18,19160522,JP
vpn421333107,456047,64,61050831,KR
vpn783095925,455574,63,82329267,KR
vpn105331577,436944,49,27508629,US
vpn479559378,417217,148,109084830,KR
vpn749856653,376506,20,12217878,TH
vpn693022128,358865,17,12395872,DE
vpn713173232,334133,62,19801468,KR
vpn138077107,321074,20,7601542,RU
vpn349961022,291167,16,7164228,TH
2016-2,288324,19,62903908,HK
vpn294363690,280753,143,18183817,KR
vpn501421689,254762,47,13038595,DE
vpn368338293,252377,54,13922982,RO
vpn686841473,236809,28,5671040,ID
hoangtu-vpn,220022,53,9094566,VN
vpn555832869,209148,11,0,LA
vpn883422748,202477,36,7080940,TH
vpn886611138,196486,43,6021795,TH
vpn875584017,182565,-,12940348,PL
vpn909365215,179180,-,12594233,RO
lolggwp,164301,19,65959853,TW
nanamoe-2nd,163945,3,270568036,JP
vpn301199466,160203,6,96151676,JP
vpn493401066,155461,4,96187294,JP
vpn720886368,152466,16,235684996,JP
vpn956444839,151586,58,4134729,VN
vpn985235995,150307,4,54941406,JP
vpn822267659,149094,2,200431436,JP
vpn975580187,130104,46,2475067,VN
vpn615819216,116435,9,15114227,FR
vpn715196327,115895,-,560195342,US
vpn606723452,109382,115,36089780,KR
vpn246846419,105882,101,72707310,KR
vpn445806980,105107,315,25268019,JP
vpn534273173,103288,1,15128803,US
vpn875407523,102989,22,16529140,GB
vpn660428710,102430,13,10155982,FR
vpn208820872,97668,51,1013336,ID
vpn198746110,97193,-,42414145,KR
vpn761112690,93653,-,41595606,KR
vpn223977089,92300,15,10381814,SI
vpn810766101,86568,24,9649640,ID
vpn893796365,84375,5,7607172,US
vpn680351924,75557,48,16216270,TH
vpn939232410,69264,76,15843963,VN
vpn920173856,68575,37,13316841,KR
889907025n,62617,26,1044972,IN
vpn672025278,61679,30,4095623,GB
vpn832585372,60207,14,0,US
vpn875456657,60182,64,6901676,TW
vpn612943854,59852,19,773299,JP
vpn565549555,55998,42,9248824,ID
vpn927767134,55763,47,7760737,TH
vpn477130025,53465,235,2637084,RU
vpn780974082,46237,39,3803420,MY
vpn949229468,42569,563,3236311,KR
vpn414587382,38771,45,4257401,MY
vpn665607297,36457,46,1368733,ID
vpn264791247,34295,80,5617543,US
vpn885979621,31744,51,118865,VN
vpn783218895,31231,58,3213359,LK
vpn868979513,29357,69,1422296,US
vpn808376392,23430,57,1124646,ID
vpn166553106,22875,57,0,ES
vpn708006931,15937,123,1594427,UZ
vpn793199835,13687,-,0,RU
vpn809100898,11855,-,2168560,VN
vpn396243871,10884,-,0,PK
vpn385800988,7981,-,0,RU
#HostName,Score,Ping,Speed,CountryShort
vpn808043826,613660,10,55680372,JP
vpn683559808,602841,7,288483273,JP
vpn442250258,601365,7,453669016,JP
vpn702220258,598288,2,229383528,JP
vpn690478895,597154,2,523145228,JP
vpn568894572,595819,6,81945332,JP
vpn826307857,588372,3,337390523,JP
vpn765139350,586584,4,34927714,GB
vpn737307316,536437,5,25574523,JP
vpn961050360,526399,32,80838182,KR
vpn841093210,520318,31,73639532,KR
vpn652178335,519298,32,162093145,KR
vpn435665195,515326,33,88143000,KR
vpn933475801,514238,31,165674343,KR
vpn754196769,513500,34,93741465,KR
vpn167712848,513294,32,88009262,KR
vpn925846585,508948,34,77604219,KR
vpn864956957,507784,35,69756704,KR
vpn803702342,502778,36,126089308,KR
vpn406598105,498848,37,145319713,KR
vpn768118737,497783,37,92267360,KR
vpn459470183,488757,43,91171472,KR
vpn0806449,473963,93,30085022,TW
vpn765716959,473183,48,30564262,KR
vpn260073154,469770,53,123586437,KR
vpn656335584,467372,50,86912803,KR
vpn453597216,467153,34,27580425,TW
vpn647694225,462502,57,58615076,KR
vpn680309733,453078,58,71947072,KR
vpn122783185,447124,68,72248233,KR
vpn143295805,443189,76,91273697,KR
vpn709579167,387763,5,13157011,RU
vpn958884217,350871,61,20984894,VN
2016-2,291953,19,62903908,HK
vpn346826522,283395,54,14225984,VN
vpn738352480,277151,25,8984004,MX
vpn288887139,267763,15,4963689,RU
vpn281730602,229981,18,0,ES
hoangtu-vpn,226977,53,9094566,VN
vpn332012578,197544,35,3953862,AU
vpn817414701,195950,45,6492762,TH
vpn632866916,173225,-,12084146,RU
nanamoe-2nd,166736,3,270568036,JP
lolggwp,164294,19,65959853,TW
vpn647348732,154640,8,96370913,JP
vpn281320785,152429,9,302607545,JP
vpn381972919,150395,4,53764962,JP
vpn591003659,146470,17,100736362,JP
vpn776719200,130842,-,8772782,FI
vpn526124873,126203,40,52449785,KR
vpn307030922,121006,34,0,TH
vpn523822624,120746,36,83995107,KR
vpn666084129,119517,20,18821007,JP
vpn198147686,118820,-,7527982,TH
vpn615819216,118297,9,15114227,FR
vpn505630003,116408,45,0,TH
vpn715196327,114050,-,560195342,US
vpn397719931,110688,6,16741891,FR
vpn920818185,110161,5,16766867,JP
vpn404585165,105367,5,15590420,JP
vpn875407523,104628,22,16529140,GB
vpn660428710,99987,13,10155982,FR
vpn445806980,99790,315,25268019,JP
vpn839004159,97339,12,11833266,RU
vpn493603729,95064,66,22137023,KR
vpn988648450,91440,141,25453485,RU
vpn729349699,91324,19,10258982,JP
vpn944408499,91158,72,1888823,RU
vpn593387491,84639,54,18553280,KR
vpn719646379,82302,68,17568321,KR
vpn624305386,78488,19,6422411,ID
vpn920173856,75212,37,13316841,KR
889907025n,68706,26,1044972,IN
vpn216034178,67414,10,2860874,AE
vpn126171528,65913,35,8883924,KR
vpn776964912,64555,30,2497917,SI
vpn340719938,64374,26,6160787,JP
vpn875456657,59974,64,6901676,TW
vpn458750684,58866,35,7957691,PT
vpn580767931,58596,34,7412843,ID
vpn789968199,52740,91,10772495,JP
vpn455724752,45213,-,1018053,ID
vpn963533889,43660,-,12568849,US
vpn949229468,40259,563,3236311,KR
vpn598631930,38719,66,3535519,KZ
vpn885979621,32644,51,118865,VN
vpn174413600,27757,-,8275523,TH
vpn687458873,20736,102,2816691,PS
vpn130367691,15887,-,3236816,FR
vpn510450531,14292,-,0,HU
vpn214711528,13409,-,0,AU
vpn730935765,12790,-,0,KR
vpn462514473,10412,-,0,UA
vpn784378921,8118,-,0,ES
vpn411810550,7514,586,14652,VE
vpn383854796,4555,-,0,TH
#HostName,Score,Ping,Speed,CountryShort
vpn683559808,609320,7,288483273,JP
vpn915993858,601500,8,56494961,JP
vpn425594510,596257,8,63038134,JP
vpn980748231,593404,2,97890250,JP
vpn826307857,588105,3,337390523,JP
vpn848164545,587309,16,83210546,JP
vpn345633523,575514,11,54158774,JP
vpn278199351,568252,5,28315560,JP
vpn540773611,567506,23,93475942,JP
vpn657767095,556214,24,180066484,JP
vpn620710448,548345,34,70799910,KR
vpn945023730,546100,26,32319635,JP
vpn415018810,525596,14,23867525,CA
vpn647133614,525484,30,145294685,KR
vpn388824336,522929,30,92207698,KR
vpn863376477,517787,32,78098036,KR
vpn349582420,516872,32,85524301,KR
vpn656528651,516654,32,67571633,KR
vpn938815911,516487,31,89887318,KR
vpn510674782,513894,32,86825355,KR
vpn209366036,512546,32,94711637,KR
vpn631274931,511096,32,54476488,KR
vpn262935682,500327,37,171904424,KR
vpn103423804,496630,36,30070472,KR
vpn670138208,492477,38,77951051,KR
vpn474816215,492302,41,54702417,KR
vpn243655798,491691,40,30003429,KR
vpn367495263,491336,40,50031174,KR
vpn459470183,483899,43,91171472,KR
vpn521552460,480012,44,79270282,KR
vpn0806449,475856,93,30085022,TW
vpn453597216,465684,34,27580425,TW
vpn105331577,440775,49,27508629,US
vpn648838196,391867,-,67668828,KR
vpn693022128,358268,17,12395872,DE
vpn257828060,334618,1,10587579,DK
vpn138077107,323908,20,7601542,RU
vpn660199659,322259,32,15129145,TH
vpn279835885,317860,15,6922354,GB
vpn349961022,291314,16,7164228,TH
2016-2,286512,19,62903908,HK
vpn159889815,284877,50,14494255,KH
vpn346826522,282808,54,14225984,VN
vpn754550910,262391,44,11540542,ID
vpn799950458,259444,48,13838936,UA
vpn975145029,250649,40,9931969,ID
vpn468816054,229759,36,8658952,TH
hoangtu-vpn,229061,53,9094566,VN
vpn820549810,220290,43,9562709,JP
vpn646450874,216762,48,10666003,TH
vpn122028137,193743,64,8718221,VN
vpn632866916,172197,-,12084146,RU
nanamoe-2nd,168703,3,270568036,JP
lolggwp,165917,19,65959853,TW
vpn313667823,154686,42,4512356,TH
vpn986403791,154384,4,299585196,JP
vpn201414873,148761,10,35842820,JP
vpn884898615,134052,33,86099440,KR
vpn941098355,133180,35,48461806,KR
vpn977948297,133108,57,4524036,RU
vpn177812941,125378,38,39618462,KR
vpn615819216,123692,9,15114227,FR
vpn307030922,122776,34,0,TH
vpn250164779,119366,41,53486,DZ
vpn797066232,119171,73,71473843,KR
vpn715196327,116428,-,560195342,US
vpn942383950,113495,11,17885645,JP
vpn920818185,110470,5,16766867,JP
vpn404737141,107463,113,41731749,KR
vpn155042803,106611,68,1164440,VE
vpn445806980,105359,315,25268019,JP
vpn660428710,101449,13,10155982,FR
vpn223977089,98466,15,10381814,SI
vpn198746110,97097,-,42414145,KR
vpn741999518,92304,4,9573424,ID
vpn858445494,91068,21,12310619,JP
vpn535624336,85110,18,7296046,JP
889907025n,64992,26,1044972,IN
vpn580767931,59072,34,7412843,ID
vpn856226635,56931,150,161579,PK
vpn503485485,53983,56,8570586,PR
vpn875456657,51782,64,6901676,TW
vpn319680339,45744,71,5546882,RU
vpn205196928,39828,44,2667627,ID
vpn465206972,39097,57,2853293,KR
vpn949229468,36899,563,3236311,KR
vpn264791247,35971,80,5617543,US
vpn885979621,31984,51,118865,VN
vpn886338915,31716,52,725382,KR
vpn852694060,30398,53,1129420,KR
vpn293436508,29020,-,5191899,MA
vpn190954032,14537,-,0,US
vpn490605669,13828,733,1542788,US
vpn758642776,11783,-,0,CA
vpn611359724,11293,-,0,GB
vpn734236203,9887,-,0,FR
vpn981524225,6520,-,0,MA
#HostName,Score,Ping,Speed,CountryShort
vpn378636329,599357,9,79422561,JP
vpn145694651,598654,15,88077595,JP
vpn703250926,595165,4,191682872,JP
vpn352241028,594733,14,68632577,JP
vpn903923665,593535,16,48630725,JP
vpn826307857,593269,3,337390523,JP
vpn189775562,591276,19,86305260,TW
vpn228706415,589718,16,77517609,JP
vpn519537103,544378,23,145545221,JP
vpn227752566,537002,16,25283085,JP
vpn737307316,535181,5,25574523,JP
vpn637812217,524124,30,89670124,KR
vpn207252901,522947,31,67248113,KR
vpn717897478,520937,31,161842359,KR
vpn557185870,519755,31,81572160,KR
vpn652178335,519702,32,162093145,KR
vpn564456594,516506,31,32136015,JP
vpn938815911,516267,31,89887318,KR
vpn107734300,504507,4,22985534,JP
vpn136953878,498947,38,73110745,KR
vpn232396123,493594,40,47095838,KR
vpn831304208,490150,39,90286441,KR
vpn608127032,484050,42,46637725,KR
vpn542176849,482435,42,72468040,KR
vpn805356212,479352,38,124061808,KR
vpn0806449,476233,93,30085022,TW
vpn453597216,472649,34,27580425,TW
vpn522218282,461143,57,76274284,KR
vpn669523362,455849,67,68351363,KR
vpn546082041,451674,34,25107068,VN
vpn666626743,355527,19,10791576,AT
vpn256400664,333018,24,13350076,DE
vpn316346526,330812,66,21868264,SA
vpn463322499,321683,53,18326140,KR
vpn138077107,316347,20,7601542,RU
vpn249802733,301856,64,17585092,KR
2016-2,288563,19,62903908,HK
vpn673841177,244784,20,949252,VN
vpn282380858,237395,53,10970310,KR
vpn270897537,231646,23,2368507,ID
hoangtu-vpn,227469,53,9094566,VN
vpn228965249,184883,35,3357051,JP
lolggwp,164399,19,65959853,TW
nanamoe-2nd,161781,3,270568036,JP
vpn451260593,157148,56,4648936,VE
vpn591974937,154973,7,56674166,JP
vpn923014178,151367,5,37586344,JP
vpn655751067,147210,7,387883160,JP
vpn216522495,139202,39,0,LV
vpn262755857,134663,33,48371471,KR
vpn314304038,133108,33,60384862,KR
vpn186416566,132140,36,40220925,KR
vpn938136823,130961,33,47753172,KR
vpn748527499,126946,35,29853993,TH
vpn472271380,120797,12,18525553,JP
vpn431459517,117541,67,4519892,TH
vpn615819216,117245,9,15114227,FR
vpn797066232,116843,73,71473843,KR
vpn619207106,116249,44,0,KR
vpn715196327,110586,-,560195342,US
vpn162993703,108149,156,38782914,KR
vpn445806980,103297,315,25268019,JP
vpn690692661,102481,14,15050060,JP
vpn660428710,100534,13,10155982,FR
vpn175937255,88651,5,8846595,JP
vpn810766101,86576,24,9649640,ID
vpn139475735,84545,57,536600,ID
vpn167025382,77100,33,12939542,PT
vpn369568498,75603,21,8482897,TH
889907025n,66467,26,1044972,IN
vpn565549555,61861,42,9248824,ID
vpn374868438,56380,30,4889007,LT
vpn504350120,53389,40,5529752,KR
vpn875456657,52468,64,6901676,TW
vpn908928589,47526,47,6214841,KR
vpn646073917,46811,59,5360162,TH
vpn274750741,40773,45,5680044,JP
vpn885979621,38274,51,118865,VN
vpn684238791,36068,52,1184417,ID
vpn949229468,35908,563,3236311,KR
vpn120385353,30688,75,2394819,KH
vpn967709248,27214,40,630722,ID
vpn758915671,25102,68,1251349,ID
vpn130367691,22877,-,3236816,FR
vpn614386208,22432,70,933906,VE
vpn293436508,20953,-,5191899,MA
vpn433207649,19883,186,2489480,KW
vpn999749814,19620,124,471859,TH
vpn860076292,18622,-,3503429,IT
vpn708006931,15506,123,1594427,UZ
vpn532303388,15337,-,757074,TH
vpn563520669,14200,-,0,DE
vpn809485536,12414,-,0,RU
vpn158514136,11607,-,0,HU
vpn502517889,8796,-,0,GB
vpn890893285,8065,-,0,RU
#HostName,Score,Ping,Speed,CountryShort
vpn663893185,602926,10,261609972,JP
vpn201847389,599097,6,93872424,JP
vpn385443899,593617,3,238600581,JP
vpn620710448,547209,34,70799910,KR
vpn945023730,539342,26,32319635,JP
vpn388824336,524407,30,92207698,KR
vpn557185870,523111,31,81572160,KR
vpn668988576,522941,30,38979588,KR
vpn946709636,521117,32,51443012,KR
vpn291923826,520867,33,68319456,KR
vpn246387279,517757,31,64879174,KR
vpn631274931,511640,32,54476488,KR
vpn809216904,509252,35,50085400,KR
vpn608528508,505916,35,81402633,KR
vpn329421774,498607,37,41919457,KR
vpn346387368,498113,37,93897238,KR
vpn259687792,497771,36,72247891,KR
vpn474816215,489122,41,54702417,KR
vpn805356212,479020,38,124061808,KR
vpn133403329,477043,49,57327998,KR
vpn0806449,476337,93,30085022,TW
vpn130798619,472608,54,117948019,KR
vpn453597216,467645,34,27580425,TW
vpn574836991,467068,51,81122724,KR
vpn793253689,462875,57,44077848,KR
vpn419423488,461585,55,32184331,KR
vpn910909887,459497,62,81054049,KR
vpn411648223,456223,64,54396120,KR
vpn640739716,452610,60,45509404,KR
vpn758115818,449232,74,48784110,KR
vpn869054619,445138,69,65739592,KR
vpn717589382,429282,69,28115279,KR
vpn834121625,428296,41,26593148,KR
vpn256400664,338298,24,13350076,DE
vpn249802733,301017,64,17585092,KR
vpn228447133,295023,38,13167197,VN
2016-2,291208,19,62903908,HK
vpn402692397,228507,6,0,AU
vpn544066448,223949,41,8665555,UA
hoangtu-vpn,222374,53,9094566,VN
vpn409610898,196157,93,12674771,KR
vpn633301257,188788,23,736228,RU
lolggwp,172799,19,65959853,TW
nanamoe-2nd,167389,3,270568036,JP
vpn524985098,161281,-,10850462,US
vpn201414873,155995,10,35842820,JP
vpn340034949,153241,9,63868052,JP
vpn647869259,151456,6,36430190,JP
vpn740376499,149655,17,54141546,JP
vpn501619347,149306,11,94660618,JP
vpn262755857,133145,33,48371471,KR
vpn255236875,131572,-,9046094,RU
vpn849899161,125954,54,3103660,DE
vpn993827397,125627,42,36582257,KR
vpn797066232,118861,73,71473843,KR
vpn615819216,117539,9,15114227,FR
vpn246846419,114660,101,72707310,KR
vpn715196327,108830,-,560195342,US
vpn920818185,107339,5,16766867,JP
vpn981050598,106068,38,21979873,KR
vpn620240225,99640,60,25559193,KR
vpn660428710,99590,13,10155982,FR
vpn419887019,99475,51,1127634,IR
vpn208820872,98961,51,1013336,ID
vpn445806980,98865,315,25268019,JP
vpn374816512,93461,81,1227588,VE
vpn153142043,93452,19,12441229,JP
vpn493603729,93048,66,22137023,KR
vpn161097848,89620,215,2949945,FR
vpn958474559,89385,23,11722365,IT
vpn756055706,87539,77,22249865,KR
vpn653673696,62335,20,51038,RU
889907025n,60419,26,1044972,IN
vpn776964912,57980,30,2497917,SI
vpn855894435,55145,24,0,HR
vpn875456657,51417,64,6901676,TW
vpn703233827,50334,65,8968627,TH
vpn394863645,44297,33,2680956,ID
vpn404176266,42777,52,4418205,TH
vpn518143258,40378,-,12008801,TH
vpn268261604,40324,75,3724590,SA
vpn949229468,34894,563,3236311,KR
vpn407939350,31693,57,0,VN
vpn885979621,31212,51,118865,VN
vpn227427263,29435,70,2088219,JM
vpn641068021,17188,74,418678,EG
vpn572325431,14451,90,99500,TM
vpn256731001,14117,-,228486,CI
vpn939427149,13804,-,0,RU
vpn845696903,12539,-,0,FR
vpn708584544,12142,-,0,GH
vpn224787056,10818,-,0,US
vpn587116487,9847,-,0,SA
vpn784378921,8461,-,0,ES
vpn510450531,6642,-,0,HU
vpn533362907,5547,-,0,GB
vpn502517889,3117,-,0,GB
#HostName,Score,Ping,Speed,CountryShort
vpn585905277,604383,7,173488140,JP
vpn833120864,598323,9,194650089,JP
vpn522131890,590669,12,208477259,JP
vpn444406955,519334,31,78605238,KR
vpn758836289,516810,31,161110460,KR
vpn186110986,513977,33,63220989,KR
vpn734567859,511268,32,168964174,KR
vpn426980898,507425,34,84622229,KR
vpn710510220,506215,36,59749851,KR
vpn995978084,505062,37,136928062,KR
vpn530683720,499632,37,74460670,KR
vpn985981275,498905,38,64753351,KR
vpn329421774,496352,37,41919457,KR
vpn605407396,495491,37,140715061,KR
vpn306042527,494100,38,64811734,KR
vpn410757393,492399,38,62766027,KR
vpn690918548,486921,40,72801110,KR
vpn220665327,484500,39,29293966,KR
vpn951667098,483718,42,48916255,KR
vpn915165413,483416,44,70939012,KR
vpn0806449,478951,93,30085022,TW
vpn918881594,477505,45,33321492,KR
vpn527638071,476882,61,98586789,KR
vpn351451493,470756,53,71464611,KR
vpn453597216,465991,34,27580425,TW
vpn376305836,459217,53,78582285,KR
vpn682730661,455878,59,74122862,KR
vpn895798411,449730,62,34476350,KR
vpn754424490,448772,68,53301998,KR
vpn895763777,433396,15,16150572,US
vpn369247449,420252,149,64693563,KR
vpn322949501,404244,58,24975238,KR
vpn722678116,401651,13,14507180,RU
vpn482230774,397056,-,92440296,KR
vpn442091078,375518,20,12452305,LV
vpn116351682,352641,10,11084410,RU
2016-2,290313,19,62903908,HK
vpn863829108,283456,31,10498730,KR
vpn436295984,270288,22,6518915,HR
vpn576512649,257362,48,12386740,TH
vpn344540925,238538,56,10809732,VN
hoangtu-vpn,227998,53,9094566,VN
vpn880500667,225883,53,11381084,TH
vpn207157931,218092,55,9901272,RU
vpn627321398,202464,7,0,SE
vpn690291469,198477,43,8224451,RU
vpn808562669,195503,116,11288631,KR
vpn201652292,185375,33,2569297,ID
vpn277846850,180797,76,10110430,TH
lolggwp,171201,19,65959853,TW
vpn751152330,167177,38,3131345,ID
nanamoe-2nd,165769,3,270568036,JP
vpn939055595,156723,14,238365062,JP
vpn166425273,153481,6,70642408,JP
vpn162875776,150436,4,35356065,JP
vpn591974937,146936,7,56674166,JP
vpn935588000,132491,57,2580261,TH
vpn370598196,121160,65,71811884,KR
vpn615819216,120595,9,15114227,FR
vpn149123477,117305,44,0,KR
vpn371665988,117275,75,2189982,KR
vpn695780922,114474,6,16371302,JP
vpn715196327,113292,-,560195342,US
vpn710963914,112952,57,27186951,KR
vpn440990939,106696,12,13157011,DE
vpn660428710,103315,13,10155982,FR
vpn903112529,103040,5,15687968,JP
vpn594056592,102699,19,13423792,JP
vpn445806980,100348,315,25268019,JP
vpn688979848,98409,88,2158028,ZZ
vpn715294781,94173,20,9829054,ID
vpn821258058,88187,39,19621340,VN
vpn762753522,85956,67,925357,ID
vpn495361550,79294,89,18914080,HK
vpn902136655,76291,-,4465791,RU
vpn399340687,72384,3,6021950,RU
vpn425630159,68414,126,18103409,SA
vpn267964479,61438,61,11876146,VN
889907025n,61023,26,1044972,IN
vpn745171378,57555,-,15710051,KR
vpn875456657,56148,64,6901676,TW
vpn503485485,50982,56,8570586,PR
vpn225107243,48814,236,2220843,KM
vpn949229468,40012,563,3236311,KR
vpn692839681,35866,498,97998,KW
vpn875507836,31348,62,29190,VE
vpn885979621,30455,51,118865,VN
vpn230878057,28875,973,0,VE
vpn413216689,27979,51,0,TH
vpn859489844,27607,69,2763097,TH
vpn171169855,25135,74,1465029,JP
vpn285801196,24325,-,0,CL
vpn693512148,22063,109,612790,VE
vpn839526548,18782,372,1827628,CL
vpn684792123,11415,-,0,US
vpn357337604,3550,-,0,GR
#HostName,Score,Ping,Speed,CountryShort
vpn199516411,629093,5,335790740,JP
vpn799289173,612640,10,66088880,JP
vpn690268575,609856,3,166284921,JP
vpn479030446,598934,9,66925843,JP
vpn558288762,595033,11,72121265,JP
vpn542065367,590416,17,57385688,JP
vpn146083409,588063,17,93107755,JP
vpn940232971,573203,13,41474449,JP
vpn383903131,538148,31,175817332,KR
vpn359315721,530641,3,24801718,JP
vpn948948140,510128,32,81500714,KR
vpn529435927,503952,40,89203428,KR
vpn805959137,502602,40,50849146,KR
vpn136953878,501446,38,73110745,KR
vpn774735705,499319,36,34469213,KR
vpn371889316,498638,38,47921189,KR
vpn495457122,490084,38,80324372,KR
vpn797248329,484390,43,76757817,KR
vpn974034227,480725,43,40470320,KR
vpn0806449,478624,93,30085022,TW
vpn651856192,469439,42,74766019,KR
vpn453597216,468727,34,27580425,TW
vpn541098879,459215,59,99778285,KR
vpn833137511,457559,66,62161999,KR
vpn949371686,457290,61,89624797,KR
vpn369192497,456284,62,71091377,KR
vpn709946650,411834,20,14669244,VN
vpn408174364,406960,32,22284744,JP
vpn220363732,372575,14,11483689,ES
vpn733759411,358609,16,11083867,RU
vpn881703317,346713,42,19002585,TH
vpn102851836,330755,42,18576111,KR
vpn832072536,329372,2,8047132,RU
vpn603319214,310202,10,7859352,RU
2016-2,288740,19,62903908,HK
vpn372723316,287529,42,12467042,SI
vpn382633822,285191,46,15146508,VN
vpn233197148,283043,17,4822149,JP
vpn571271353,278945,33,12436195,DE
vpn652905342,270117,23,5818273,RU
vpn164104797,261353,39,12526619,TH
vpn623591397,238757,30,6530080,JP
vpn566320341,223829,7,0,JP
hoangtu-vpn,219945,53,9094566,VN
vpn905315570,204177,23,0,JP
vpn699599422,203436,40,7924526,TH
nanamoe-2nd,168778,3,270568036,JP
lolggwp,165477,19,65959853,TW
vpn912500300,157083,11,34205462,JP
vpn429353518,155835,45,3555687,RS
vpn493401066,154430,4,96187294,JP
vpn221462196,148415,15,33242791,JP
vpn241811442,147894,12,28878929,US
vpn684818563,146978,10,41757888,JP
vpn136183076,145859,32,1275416,ID
vpn580557007,125598,81,4118478,ID
vpn615819216,119160,9,15114227,FR
vpn298695845,117969,35,26306860,KR
vpn838503146,113048,122,47759657,KR
vpn715196327,111977,-,560195342,US
vpn976482694,109239,13,17468380,AU
vpn660428710,104832,13,10155982,FR
vpn225140049,101567,61,1249412,VE
vpn445806980,100902,315,25268019,JP
vpn865419467,99618,32,19508595,KR
vpn396940450,95486,40,19920615,KR
vpn197298152,87795,65,19928697,VN
vpn827653130,74430,16,4792709,AE
vpn901524875,73409,27,9373469,RU
vpn341396442,69191,36,11755096,ID
vpn862376751,68963,20,3901912,AR
889907025n,68962,26,1044972,IN
vpn799049422,60816,81,12083125,KR
vpn110163515,60431,32,6363688,TH
vpn612656271,58371,103,11136030,VN
vpn613397082,53595,-,17282322,TH
vpn875456657,51314,64,6901676,TW
vpn255797178,45911,38,3078170,ID
vpn276022406,42280,80,4555421,MA
vpn191604141,40353,-,9566447,FR
vpn967546988,40053,631,9175771,KR
vpn949229468,37648,563,3236311,KR
vpn797544459,35672,44,1347376,DZ
vpn885979621,35637,51,118865,VN
vpn241842882,34176,-,9296362,RU
vpn739898307,33633,-,2092675,ID
vpn261193108,32443,49,1711292,DZ
vpn718892657,28375,63,2332741,ES
vpn275255787,23809,81,1698904,ID
vpn189401067,23694,175,3367273,RU
vpn603273538,18327,400,1575768,PS
vpn577097547,16988,-,1125265,VE
vpn911823552,13216,-,1697714,FR
vpn222546531,12400,-,0,RU
#HostName,Score,Ping,Speed,CountryShort
vpn808043826,621204,10,55680372,JP
vpn915993858,596968,8,56494961,JP
vpn742181826,588771,17,64825797,JP
vpn980748231,588063,2,97890250,JP
vpn140187160,570427,23,162455827,JP
vpn244260261,562096,22,34387883,CA
vpn618282225,530032,29,113370905,JP
vpn790705810,523005,16,24713833,JP
vpn187983162,521272,33,156047904,KR
vpn864543582,519397,31,65184214,KR
vpn512557722,517790,32,75008780,KR
vpn938815911,516802,31,89887318,KR
vpn946709636,515843,32,51443012,KR
vpn919568170,514421,32,30199384,KR
vpn362304686,504252,37,179129057,KR
vpn231045034,500563,38,83766758,KR
vpn672242571,494581,41,88733318,KR
vpn346020823,493650,38,57982958,KR
vpn670138208,491902,38,77951051,KR
vpn0806449,477749,93,30085022,TW
vpn133403329,473803,49,57327998,KR
vpn453597216,472109,34,27580425,TW
vpn719823339,459239,57,75416478,KR
vpn402860087,451816,70,40963947,KR
vpn191686027,436671,89,47446518,RU
vpn993727216,349789,60,21399182,KR
vpn827933067,342811,36,18726419,TH
vpn329599938,333256,49,18366090,US
vpn463322499,330039,53,18326140,KR
vpn273231210,305586,29,11128635,RU
2016-2,288113,19,62903908,HK
vpn355595792,282720,8,6029052,RU
vpn288887139,266888,15,4963689,RU
vpn593251136,250861,43,12296657,TH
vpn282380858,242373,53,10970310,KR
vpn270897537,230302,23,2368507,ID
hoangtu-vpn,226180,53,9094566,VN
vpn544066448,224000,41,8665555,UA
vpn646450874,215426,48,10666003,TH
lolggwp,167237,19,65959853,TW
nanamoe-2nd,166639,3,270568036,JP
vpn380732827,156651,9,201101280,JP
vpn972231660,155011,13,87388833,JP
vpn518465909,154813,3,269323523,JP
vpn906818172,145197,65,4722832,BR
vpn288434108,130716,47,3144228,BY
vpn951964237,129705,36,58829918,KR
vpn186416566,127878,36,40220925,KR
vpn666778804,126567,66,4916799,RU
vpn750474286,126538,39,68211940,KR
vpn615819216,123396,9,15114227,FR
vpn715196327,115544,-,560195342,US
vpn164862933,110284,5,17172656,JP
vpn357776909,108700,63,3156471,VN
vpn142543507,107456,4,15351896,FR
vpn445806980,102492,315,25268019,JP
vpn660428710,101280,13,10155982,FR
vpn887768733,94670,35,18622902,KR
vpn832359001,92698,71,22583939,JP
vpn321205923,91809,76,1128976,VE
vpn593387491,88829,54,18553280,KR
vpn725965452,87800,26,12784431,QA
vpn699432025,85860,23,11163323,VN
vpn598337450,85352,19,6359470,ID
vpn278803268,82005,107,3276588,GE
vpn731577909,81474,28,12299657,CA
vpn426944816,80709,103,1234250,VE
vpn588838668,80557,44,15910170,TH
vpn495361550,80126,89,18914080,HK
vpn868996154,77828,25,6519651,US
vpn220047918,77460,18,4899895,ID
vpn372622406,75936,70,1031540,ID
vpn565474736,70257,73,13731816,KR
889907025n,69044,26,1044972,IN
vpn875456657,59622,64,6901676,TW
vpn250561285,57452,60,9170163,VN
vpn299923011,51874,82,7895191,KR
vpn789968199,50863,91,10772495,JP
vpn621028406,49280,112,9166122,KR
vpn499815161,48542,-,13791331,US
vpn451702158,39638,63,3723918,KR
vpn874036982,38363,75,3270987,VN
vpn949229468,33895,563,3236311,KR
vpn664030632,32918,63,1152145,VN
vpn203867006,31425,68,2697131,VN
vpn885979621,31078,51,118865,VN
vpn120385353,28431,75,2394819,KH
vpn283372401,28314,117,3851146,PL
vpn293004892,27550,42,541392,ID
vpn316438109,16122,-,450358,RU
vpn222546531,9898,-,0,RU
vpn473872822,9887,652,161467,PK
vpn981524225,9265,-,0,MA
vpn502517889,9011,-,0,GB
vpn600248694,8562,-,0,LT
vpn499336876,3214,-,0,TH
#HostName,Score,Ping,Speed,CountryShort
vpn381088914,602742,5,312435931,JP
vpn690478895,596806,2,523145228,JP
vpn191570965,595179,17,52564972,JP
vpn903923665,594348,16,48630725,JP
vpn370953303,592654,11,88780671,JP
vpn222693426,592512,13,70039923,JP
vpn143248055,527685,31,181875777,KR
vpn933475801,520434,31,165674343,KR
vpn533581580,520229,33,67637465,KR
vpn187983162,516608,33,156047904,KR
vpn631274931,510980,32,54476488,KR
vpn990907387,510928,33,93481214,KR
vpn754196769,505553,34,93741465,KR
vpn388935377,501995,36,65724777,KR
vpn670138208,501630,38,77951051,KR
vpn240880437,500400,37,168770646,KR
vpn775887667,498462,38,92015977,KR
vpn346020823,497589,38,57982958,KR
vpn624795388,496975,39,92576838,KR
vpn688268986,496240,37,85461142,KR
vpn859203390,494408,38,78933188,KR
vpn459470183,484798,43,91171472,KR
vpn0806449,474334,93,30085022,TW
vpn453597216,469714,34,27580425,TW
vpn392827014,469119,20,19753835,JP
vpn177321708,449837,65,49694958,KR
vpn376765064,437561,40,25002210,VN
vpn430163236,429346,88,36949102,KR
vpn717589382,427169,69,28115279,KR
vpn160341581,392473,23,15839069,VN
vpn993727216,351842,60,21399182,KR
vpn827933067,348519,36,18726419,TH
vpn968068535,328499,45,17573661,KR
vpn249802733,307340,64,17585092,KR
2016-2,286294,19,62903908,HK
vpn754550910,264711,44,11540542,ID
hoangtu-vpn,228338,53,9094566,VN
vpn949199591,220042,57,9812558,BR
vpn777951769,215387,22,0,US
vpn767840643,204231,80,9828045,RU
lolggwp,171384,19,65959853,TW
vpn182185011,169810,29,2545419,ID
nanamoe-2nd,163981,3,270568036,JP
vpn524985098,162329,-,10850462,US
vpn301199466,157361,6,96151676,JP
vpn518465909,156443,3,269323523,JP
vpn381972919,151294,4,53764962,JP
vpn956444839,150459,58,4134729,VN
vpn915571385,135785,27,90055158,JP
vpn571972569,135199,32,118028660,KR
vpn816646748,130756,25,24676007,ID
vpn363969977,130414,37,65936135,JP
vpn943633537,126167,52,85797257,KR
vpn941098355,125439,35,48461806,KR
vpn483710026,121611,57,48474489,KR
vpn615819216,119758,9,15114227,FR
vpn505630003,117336,45,0,TH
vpn715196327,115863,-,560195342,US
vpn825710706,115024,54,65565038,KR
vpn445806980,104947,315,25268019,JP
vpn660428710,103893,13,10155982,FR
vpn981050598,101167,38,21979873,KR
vpn208820872,92735,51,1013336,ID
vpn111562889,92679,32,16467676,KR
vpn948310497,90124,7,9178573,RO
vpn223984112,89649,23,12501494,JP
vpn806828118,82905,112,21001278,KR
vpn974615431,81015,69,0,KR
vpn206736042,77632,38,12055550,KR
vpn180425952,75613,19,6518524,JP
vpn939232410,74530,76,15843963,VN
vpn277817997,73308,20,4888725,JP
vpn580767931,68120,34,7412843,ID
vpn194585934,67849,14,0,US
vpn786458993,65518,-,18811190,RU
vpn604644336,62656,15,0,US
889907025n,62554,26,1044972,IN
vpn875456657,55392,64,6901676,TW
vpn455724752,44545,-,1018053,ID
vpn885979621,39795,51,118865,VN
vpn328087904,38497,-,2217828,KH
vpn949229468,36247,563,3236311,KR
vpn134808555,32419,94,4978316,JP
vpn752447731,29070,45,360097,JP
vpn578111178,27993,98,2967737,PH
vpn725294376,25191,65,1109174,ID
vpn687458873,22845,102,2816691,PS
vpn809100898,15787,-,2168560,VN
vpn224787056,13728,-,0,US
vpn772860973,13412,487,0,KM
vpn526615995,12909,-,0,FR
vpn611359724,11851,-,0,GB
vpn357821597,7321,1522,0,VE
vpn675326309,5771,-,0,TH
vpn499336876,3006,-,0,TH
#HostName,Score,Ping,Speed,CountryShort
vpn150500318,608468,3,428977027,JP
vpn797700630,598613,7,197259483,JP
vpn936501210,590842,10,228711686,JP
vpn924444609,590743,12,83988659,JP
vpn345633523,571304,11,54158774,JP
vpn710855268,565242,24,57203308,JP
vpn985514155,526820,10,26247985,US
vpn667334700,522534,32,72823011,KR
vpn187983162,515438,33,156047904,KR
vpn600827124,511354,32,70133431,KR
vpn631107127,511091,33,72258356,KR
vpn451425361,501311,35,86489229,KR
vpn869187509,495423,37,92271592,KR
vpn532797362,495043,37,54123068,KR
vpn0806449,478514,93,30085022,TW
vpn453597216,471726,34,27580425,TW
vpn522218282,457315,57,76274284,KR
vpn774083918,434009,59,27264308,KR
vpn709579167,390686,5,13157011,RU
askja,388658,7,12230875,AT
vpn982319104,385579,10,13166246,GB
vpn840694362,385444,-,41225127,KR
vpn513856759,353723,29,14844122,CA
2016-2,287474,19,62903908,HK
vpn178220495,268224,14,3155902,JP
vpn368338293,244549,54,13922982,RO
vpn282526419,233376,1073,16474497,CA
hoangtu-vpn,223298,53,9094566,VN
vpn122028137,200565,64,8718221,VN
vpn431229031,196156,25,0,MK
vpn632866916,170440,-,12084146,RU
lolggwp,165839,19,65959853,TW
nanamoe-2nd,163376,3,270568036,JP
vpn972231660,156199,13,87388833,JP
vpn956427379,155489,9,49884159,JP
vpn720886368,152042,16,235684996,JP
vpn518465909,148442,3,269323523,JP
vpn421298526,148258,6,64642788,JP
vpn178052979,146795,7,32527710,JP
vpn166092534,141196,11,28540941,JP
vpn571972569,135253,32,118028660,KR
vpn368915302,133543,55,4595915,ES
vpn345133188,131770,31,67154577,KR
vpn422215019,131453,32,75844463,KR
vpn935770188,130613,31,60267385,KR
vpn255236875,129737,-,9046094,RU
vpn735839356,129436,8,22463347,SG
vpn314304038,128511,33,60384862,KR
vpn268393260,127456,15,21548579,JP
vpn942383950,120428,11,17885645,JP
vpn615819216,119956,9,15114227,FR
vpn943633537,118226,52,85797257,KR
vpn582929031,118159,52,2461077,DZ
vpn246846419,115211,101,72707310,KR
vpn981050598,108253,38,21979873,KR
vpn715196327,107635,-,560195342,US
vpn964875951,107427,40,21906496,US
vpn737081623,107282,49,0,KR
vpn445806980,104310,315,25268019,JP
vpn604249689,104068,39,23573014,KR
vpn639090147,103193,21,13474784,JP
vpn660428710,102558,13,10155982,FR
vpn421800947,98797,62,24012250,KR
vpn988648450,93595,141,25453485,RU
vpn756055706,90230,77,22249865,KR
vpn201597492,85368,19,7219329,JP
vpn924747128,83912,-,22991364,US
vpn167025382,81471,33,12939542,PT
vpn607593982,80148,46,15366768,JP
vpn425384262,77740,13,5998796,JP
vpn262607837,77645,30,11459500,JP
vpn920173856,76637,37,13316841,KR
889907025n,68660,26,1044972,IN
vpn786073211,64429,68,11993959,KR
vpn612943854,64099,19,773299,JP
vpn872689388,58160,37,10304271,MX
vpn855894435,54698,24,0,HR
vpn557235936,54204,32,4787361,TH
vpn757602841,53736,41,9437485,KR
vpn875456657,51033,64,6901676,TW
vpn753357288,49681,28,2902969,JP
vpn949229468,42223,563,3236311,KR
vpn299923011,42156,82,7895191,KR
vpn465206972,40575,57,2853293,KR
vpn518143258,37582,-,12008801,TH
vpn885979621,36141,51,118865,VN
vpn665607297,32809,46,1368733,ID
vpn507998753,29197,56,1035113,VE
vpn758915671,28381,68,1251349,ID
vpn169618230,27912,57,1900247,BD
vpn722914307,22799,72,1292698,ID
vpn433207649,22638,186,2489480,KW
vpn267866731,21888,92,1419569,RU
vpn577097547,16132,-,1125265,VE
vpn708584544,8623,-,0,GH
vpn322044438,8100,-,0,BR
#HostName,Score,Ping,Speed,CountryShort
vpn223588375,603407,5,78273531,JP
vpn707895182,598676,10,180759894,JP
vpn704624511,594253,5,145026865,JP
vpn352241028,593547,14,68632577,JP
vpn176324427,592092,20,62314849,TW
vpn222693426,588399,13,70039923,JP
vpn196599741,532525,12,24860531,CA
vpn143248055,530991,31,181875777,KR
vpn985514155,530695,10,26247985,US
vpn444406955,522616,31,78605238,KR
vpn861182371,519277,31,45123341,JP
vpn209366036,515116,32,94711637,KR
vpn754196769,513660,34,93741465,KR
vpn600827124,510053,32,70133431,KR
vpn170558811,509800,33,72722681,KR
vpn136953878,497874,38,73110745,KR
vpn243655798,492235,40,30003429,KR
vpn0806449,480467,93,30085022,TW
vpn453597216,472386,34,27580425,TW
vpn133403329,469751,49,57327998,KR
vpn339925848,461124,55,103036792,KR
vpn451016329,456610,45,38255022,TH
vpn525895660,440795,69,35933082,KR
askja,396883,7,12230875,AT
vpn549064926,385671,-,89117681,KR
vpn958884217,345800,61,20984894,VN
vpn660199659,314626,32,15129145,TH
vpn527933088,306898,72,18081824,KR
vpn955054253,290168,28,9892451,ID
2016-2,289511,19,62903908,HK
vpn578768451,287070,-,21276513,US
vpn732054271,263392,18,2508959,JP
hoangtu-vpn,221868,53,9094566,VN
vpn820549810,221583,43,9562709,JP
vpn949199591,216573,57,9812558,BR
lolggwp,172041,19,65959853,TW
vpn182185011,171603,29,2545419,ID
nanamoe-2nd,167354,3,270568036,JP
vpn856300209,160267,14,33334910,US
vpn313667823,157908,42,4512356,TH
vpn415223929,156525,16,50542793,JP
vpn388339692,150326,29,840746,DZ
vpn380732827,150063,9,201101280,JP
vpn152063472,148590,5,62515628,JP
vpn898389407,146903,11,33757968,JP
vpn980310719,133656,86,5123085,BR
vpn491651848,128933,13,20861637,JP
vpn812126402,128093,44,77441368,KR
vpn526124873,126572,40,52449785,KR
vpn615819216,125416,9,15114227,FR
vpn306276319,120236,41,75803282,KR
vpn582929031,117499,52,2461077,DZ
vpn715196327,114684,-,560195342,US
vpn802569125,114194,36,24139697,KR
vpn779743409,113722,57,81174320,KR
vpn445806980,107956,315,25268019,JP
vpn472536187,105499,114,41538670,JP
vpn660428710,100174,13,10155982,FR
vpn223977089,99529,15,10381814,SI
vpn832359001,95453,71,22583939,JP
vpn926344053,93272,25,12475811,GE
vpn146970001,91567,10,10379295,JP
vpn529171517,89658,20,7733531,ID
vpn161097848,84250,215,2949945,FR
vpn551849248,80585,37,17293470,TH
vpn824493724,75675,54,16497649,KR
vpn868996154,74005,25,6519651,US
vpn632128514,70122,38,8712681,RO
889907025n,65700,26,1044972,IN
vpn860210319,64167,29,9137956,US
vpn566287681,62917,44,10997843,KR
vpn684002778,57613,25,1217877,ID
vpn245160324,57027,1,0,US
vpn226213513,54582,-,13489784,KR
vpn875456657,54043,64,6901676,TW
vpn375512352,52887,40,7155796,TH
vpn467143352,48656,74,5543844,KR
vpn949229468,39316,563,3236311,KR
vpn636120531,38963,39,0,ES
vpn937309865,38865,42,2234591,VN
vpn446385138,37925,42,2387728,ID
vpn465206972,36076,57,2853293,KR
vpn265015410,34651,54,0,US
vpn885979621,34607,51,118865,VN
vpn752517813,34350,-,8109721,TH
vpn228118639,27531,70,1573758,UZ
vpn381438409,27271,-,6250159,TH
vpn389482406,22957,66,451188,LY
vpn462514473,14669,-,0,UA
vpn342770367,12508,-,0,RU
vpn547105100,11424,-,0,TH
vpn939427149,11131,-,0,RU
vpn411810550,11058,586,14652,VE
vpn200937958,9942,-,0,MT
vpn883847115,9073,-,0,AU
vpn939046999,8714,-,0,CA
vpn606664576,523,-,0,IN
#HostName,Score,Ping,Speed,CountryShort
vpn362143320,603890,13,33157478,US
vpn848164545,590694,16,83210546,JP
vpn697039047,590571,6,83782458,JP
vpn657767095,564236,24,180066484,JP
vpn495357900,520592,33,54505106,KR
vpn246387279,518706,31,64879174,KR
vpn841093210,514107,31,73639532,KR
vpn167712848,511312,32,88009262,KR
vpn815974098,506275,36,38995979,KR
vpn680544920,506098,36,122624897,KR
vpn608528508,504212,35,81402633,KR
vpn803702342,498080,36,126089308,KR
vpn831304208,495320,39,90286441,KR
vpn571130650,495312,37,42470142,KR
vpn242733660,490305,39,68880356,KR
vpn296649899,488181,40,76391467,KR
vpn631607037,479869,44,80512059,KR
vpn0806449,476459,93,30085022,TW
vpn453597216,468473,34,27580425,TW
vpn244925314,468181,14,19370290,CA
vpn806415437,453048,58,84011099,KR
vpn505245056,452902,66,75252896,KR
vpn132897035,452830,66,79337592,KR
vpn749856653,370515,20,12217878,TH
vpn329599938,339312,49,18366090,US
vpn279835885,317043,15,6922354,GB
vpn527933088,298814,72,18081824,KR
2016-2,287041,19,62903908,HK
vpn355595792,279860,8,6029052,RU
vpn288887139,272377,15,4963689,RU
vpn548075579,240443,11,1241020,AE
hoangtu-vpn,226210,53,9094566,VN
vpn122028137,200944,64,8718221,VN
vpn886611138,194921,43,6021795,TH
vpn914019274,189982,-,15620408,RU
nanamoe-2nd,169393,3,270568036,JP
lolggwp,164840,19,65959853,TW
vpn451260593,162123,56,4648936,VE
vpn734399960,156949,15,250847900,JP
vpn579533767,155161,3,526298463,JP
vpn524985098,154697,-,10850462,US
vpn201414873,153228,10,35842820,JP
vpn937312104,150712,33,0,UA
vpn956427379,148536,9,49884159,JP
vpn345870064,142665,35,1825696,ID
vpn988941330,135077,8,25190563,JP
vpn345133188,130652,31,67154577,KR
vpn405208477,130425,37,56156087,KR
vpn482766729,129452,35,46577758,KR
vpn825710706,124225,54,65565038,KR
vpn841596698,122080,-,8181478,RU
vpn615819216,121256,9,15114227,FR
vpn407289937,113381,58,42338460,KR
vpn715196327,112939,-,560195342,US
vpn445806980,104788,315,25268019,JP
vpn690692661,102962,14,15050060,JP
vpn660428710,101867,13,10155982,FR
vpn209738790,99049,14,13693830,AT
vpn321205923,95348,76,1128976,VE
vpn533715611,89012,13,8206325,RU
vpn374816512,86492,81,1227588,VE
vpn167025382,83080,33,12939542,PT
vpn139475735,80710,57,536600,ID
vpn607593982,79287,46,15366768,JP
vpn719646379,75584,68,17568321,KR
vpn844012453,73793,22,6112675,JP
vpn425630159,68234,126,18103409,SA
vpn340719938,64805,26,6160787,JP
889907025n,64546,26,1044972,IN
vpn889092009,58936,47,9328922,RU
vpn875456657,57794,64,6901676,TW
vpn245160324,57397,1,0,US
vpn319680339,46808,71,5546882,RU
vpn368607693,44840,41,4070913,JP
vpn949229468,43319,563,3236311,KR
vpn446385138,41732,42,2387728,ID
vpn780881602,40865,55,5279480,TN
vpn885979621,39872,51,118865,VN
vpn686447532,22620,92,999492,SA
vpn641068021,21831,74,418678,EG
vpn166553106,19788,57,0,ES
vpn728985340,18234,-,3463391,ID
vpn267866731,18120,92,1419569,RU
vpn423829457,17635,-,1495089,DZ
vpn593784800,17325,166,667849,RU
vpn532303388,15633,-,757074,TH
vpn861687427,15440,-,230296,RU
vpn844815759,14789,270,897357,SY
vpn985575416,14423,-,0,CH
vpn396243871,13930,-,0,PK
vpn400574783,11774,212,1597317,PH
vpn222546531,11323,-,0,RU
vpn939427149,9969,-,0,RU
vpn214711528,7560,-,0,AU
#HostName,Score,Ping,Speed,CountryShort
vpn353279179,596864,16,34478045,JP
vpn430770041,593936,4,78368489,JP
vpn848164545,593781,16,83210546,JP
vpn826307857,593486,3,337390523,JP
vpn753203406,592609,8,52842451,JP
vpn765139350,588076,4,34927714,GB
vpn811914540,575337,19,27968147,JP
vpn111088969,571230,22,113523555,JP
vpn242734449,553342,24,33292531,JP
vpn219810841,552645,25,75442051,JP
vpn564456594,523596,31,32136015,JP
vpn961050360,523029,32,80838182,KR
vpn841093210,517380,31,73639532,KR
vpn864543582,515856,31,65184214,KR
vpn555052487,515812,31,86448704,KR
vpn435665195,511671,33,88143000,KR
vpn451425361,510124,35,86489229,KR
vpn341535068,508908,33,96006851,KR
vpn810534583,502551,36,88210992,KR
vpn346020823,494546,38,57982958,KR
vpn583166981,491246,39,71292478,KR
vpn367972732,489662,39,45550825,KR
vpn140703918,488486,34,66485656,KR
vpn323625557,484279,42,79057062,KR
vpn0806449,481446,93,30085022,TW
vpn453597216,474585,34,27580425,TW
vpn296047703,468966,55,65669837,KR
vpn419423488,467699,55,32184331,KR
vpn339925848,466024,55,103036792,KR
vpn507341015,461028,55,68987930,KR
vpn752437918,454208,59,64695158,KR
vpn666148088,453402,62,48307540,KR
vpn132897035,451834,66,79337592,KR
vpn366055685,447662,64,44206180,KR
vpn462586288,447224,70,51919785,KR
vpn666626743,362479,19,10791576,AT
vpn693022128,356433,17,12395872,DE
vpn109833471,328479,6,9700560,NL
vpn543771498,301448,68,17430824,VN
2016-2,285453,19,62903908,HK
vpn974116101,267191,46,14794801,US
vpn178220495,265778,14,3155902,JP
hoangtu-vpn,219769,53,9094566,VN
vpn528301260,197811,51,9384396,TH
vpn849226256,178954,146,11736408,TH
vpn640560288,171127,36,3009257,MA
lolggwp,168315,19,65959853,TW
nanamoe-2nd,161977,3,270568036,JP
vpn629176808,160250,51,4091992,KR
vpn956427379,156071,9,49884159,JP
vpn474853850,154730,3,49646937,JP
vpn776704517,153234,59,4787974,VN
vpn147069556,148900,3,27920297,JP
vpn937312104,146404,33,0,UA
vpn752282817,134926,34,64453788,KR
vpn345133188,134824,31,67154577,KR
vpn776719200,133751,-,8772782,FI
vpn216522495,132528,39,0,LV
vpn941098355,131608,35,48461806,KR
vpn579204228,125782,37,40710376,KR
vpn526124873,125715,40,52449785,KR
vpn750474286,125025,39,68211940,KR
vpn615819216,123278,9,15114227,FR
vpn816646748,121346,25,24676007,ID
vpn357107912,119834,67,52112985,KR
vpn715196327,114733,-,560195342,US
vpn886368469,111781,68,3875427,UA
vpn976357722,104629,7,13078539,RU
vpn660428710,103404,13,10155982,FR
vpn445806980,102389,315,25268019,JP
vpn734025286,102024,178,6023963,US
vpn887768733,93587,35,18622902,KR
vpn111562889,93047,32,16467676,KR
vpn159255401,92084,73,1270780,VE
vpn607593982,84415,46,15366768,JP
vpn548430465,73507,85,1556613,VE
vpn126171528,65965,35,8883924,KR
889907025n,63614,26,1044972,IN
vpn585340903,63484,23,4087172,ID
vpn113766069,60974,43,7475471,ID
vpn875456657,56921,64,6901676,TW
vpn923855082,53645,37,5920315,TH
vpn908928589,49908,47,6214841,KR
vpn675273518,46978,-,11242568,RU
vpn499815161,46615,-,13791331,US
vpn451702158,41462,63,3723918,KR
vpn598631930,41087,66,3535519,KZ
vpn455724752,37064,-,1018053,ID
vpn949229468,36931,563,3236311,KR
vpn885979621,32084,51,118865,VN
vpn874036982,30169,75,3270987,VN
vpn407939350,22952,57,0,VN
vpn560634094,21604,104,3216361,RU
vpn245891204,18136,211,987117,SA
vpn400574783,15739,212,1597317,PH
vpn827385233,12940,-,728556,NG
vpn883847115,9946,-,0,AU
